House_ID,Datetime,Forecasted_PV,Reliability_PV_24h,Forecasted_Load_Consumption,Reliability_Load_24h
Andreas,2025-09-01 16:00:00,255.28176879882812,0.8446981245824895,141.3676837158203,0.7502630576753004
Andreas,2025-09-01 16:05:00,248.67713928222656,0.8446981245824895,130.8651528930664,0.7502630576753004
Andreas,2025-09-01 16:10:00,241.36090087890625,0.8446981245824895,129.84661254882812,0.7502630576753004
Andreas,2025-09-01 16:15:00,233.2611083984375,0.8446981245824895,122.38889953613281,0.7502630576753004
Andreas,2025-09-01 16:20:00,225.8319854736328,0.8446981245824895,153.57557556152344,0.7502630576753004
Andreas,2025-09-01 16:25:00,218.19891357421875,0.8446981245824895,146.26660858154298,0.7502630576753004
Andreas,2025-09-01 16:30:00,210.25146484375,0.8446981245824895,141.63630020141602,0.7502630576753004
Andreas,2025-09-01 16:35:00,202.3458709716797,0.8446981245824895,138.07605606079102,0.7502630576753004
Andreas,2025-09-01 16:40:00,194.4579620361328,0.8446981245824895,124.01743011474609,0.7502630576753004
Andreas,2025-09-01 16:45:00,187.0286407470703,0.8446981245824895,119.38267700195313,0.7502630576753004
Andreas,2025-09-01 16:50:00,179.25625610351562,0.8446981245824895,94.68822875976562,0.7502630576753004
Andreas,2025-09-01 16:55:00,171.3651885986328,0.8446981245824895,91.16273956298828,0.7502630576753004
Andreas,2025-09-01 17:00:00,163.67897033691406,0.8446981245824895,63.963746032714845,0.7502630576753004
Andreas,2025-09-01 17:05:00,155.9286651611328,0.8446981245824895,52.98050758361816,0.7502630576753004
Andreas,2025-09-01 17:10:00,148.39968872070312,0.8446981245824895,55.63000099182129,0.7502630576753004
Andreas,2025-09-01 17:15:00,140.6550750732422,0.8446981245824895,96.8751064300537,0.7502630576753004
Andreas,2025-09-01 17:20:00,133.13015747070312,0.8446981245824895,63.27347160339355,0.7502630576753004
Andreas,2025-09-01 17:25:00,126.00727081298828,0.8446981245824895,52.212721328735356,0.7502630576753004
Andreas,2025-09-01 17:30:00,118.60565185546875,0.8446981245824895,51.31408638000488,0.7502630576753004
Andreas,2025-09-01 17:35:00,111.32897186279297,0.8446981245824895,48.692927246093745,0.7502630576753004
Andreas,2025-09-01 17:40:00,103.99320220947266,0.8446981245824895,47.733331527709964,0.7502630576753004
Andreas,2025-09-01 17:45:00,97.16078186035156,0.8446981245824895,55.24057098388672,0.7502630576753004
Andreas,2025-09-01 17:50:00,90.2989730834961,0.8446981245824895,45.67188987731934,0.7502630576753004
Andreas,2025-09-01 17:55:00,83.9532470703125,0.8446981245824895,43.870304336547846,0.7502630576753004
Andreas,2025-09-01 18:00:00,77.58360290527344,0.8446981245824895,43.59433525085449,0.7502630576753004
Andreas,2025-09-01 18:05:00,70.86097717285156,0.8446981245824895,42.147603607177736,0.7502630576753004
Andreas,2025-09-01 18:10:00,64.58146667480469,0.8446981245824895,80.6023762512207,0.7502630576753004
Andreas,2025-09-01 18:15:00,58.62223434448242,0.8446981245824895,61.29277313232422,0.7502630576753004
Andreas,2025-09-01 18:20:00,52.693355560302734,0.8446981245824895,61.62863327026367,0.7502630576753004
Andreas,2025-09-01 18:25:00,47.210567474365234,0.8446981245824895,50.38754367828369,0.7502630576753004
Andreas,2025-09-01 18:30:00,41.75007247924805,0.8446981245824895,51.98342296600342,0.7502630576753004
Andreas,2025-09-01 18:35:00,36.699222564697266,0.8446981245824895,53.45572135925293,0.7502630576753004
Andreas,2025-09-01 18:40:00,31.895387649536133,0.8446981245824895,82.91060276031494,0.7502630576753004
Andreas,2025-09-01 18:45:00,26.98021125793457,0.8446981245824895,81.18009639739991,0.7502630576753004
Andreas,2025-09-01 18:50:00,22.405611038208008,0.8446981245824895,81.05239265441895,0.7502630576753004
Andreas,2025-09-01 18:55:00,18.264680862426758,0.8446981245824895,80.27134502410888,0.7502630576753004
Andreas,2025-09-01 19:00:00,14.56004524230957,0.8446981245824895,54.81343650817871,0.7502630576753004
Andreas,2025-09-01 19:05:00,10.831514358520508,0.8446981245824895,55.6383763885498,0.7502630576753004
Andreas,2025-09-01 19:10:00,7.523012638092041,0.8446981245824895,53.846381454467775,0.7502630576753004
Andreas,2025-09-01 19:15:00,4.503206729888916,0.8446981245824895,54.021389427185056,0.7502630576753004
Andreas,2025-09-01 19:20:00,1.444933295249939,0.8446981245824895,52.058419189453126,0.7502630576753004
Andreas,2025-09-01 19:25:00,0.0,0.8446981245824895,164.21102504730226,0.7502630576753004
Andreas,2025-09-01 19:30:00,0.0,0.8446981245824895,173.51968421936036,0.7502630576753004
Andreas,2025-09-01 19:35:00,0.0,0.8446981245824895,160.69461612701417,0.7502630576753004
Andreas,2025-09-01 19:40:00,0.0,0.8446981245824895,193.87482540130614,0.7502630576753004
Andreas,2025-09-01 19:45:00,0.0,0.8446981245824895,161.8631830215454,0.7502630576753004
Andreas,2025-09-01 19:50:00,0.0,0.8446981245824895,160.9334348678589,0.7502630576753004
Andreas,2025-09-01 19:55:00,0.0,0.8446981245824895,62.03551124572754,0.7502630576753004
Andreas,2025-09-01 20:00:00,0.0,0.8446981245824895,55.497356452941894,0.7502630576753004
Andreas,2025-09-01 20:05:00,0.0,0.8446981245824895,53.377008514404295,0.7502630576753004
Andreas,2025-09-01 20:10:00,0.0,0.8446981245824895,52.99248371124268,0.7502630576753004
Andreas,2025-09-01 20:15:00,0.0,0.8446981245824895,52.76462547302246,0.7502630576753004
Andreas,2025-09-01 20:20:00,0.0,0.8446981245824895,53.12217306137085,0.7502630576753004
Andreas,2025-09-01 20:25:00,0.0,0.8446981245824895,254.58804164886476,0.7502630576753004
Andreas,2025-09-01 20:30:00,0.0,0.8446981245824895,243.02323554992677,0.7502630576753004
Andreas,2025-09-01 20:35:00,0.0,0.8446981245824895,52.31520519256592,0.7502630576753004
Andreas,2025-09-01 20:40:00,0.0,0.8446981245824895,52.49476022720337,0.7502630576753004
Andreas,2025-09-01 20:45:00,0.0,0.8446981245824895,93.8117314338684,0.7502630576753004
Andreas,2025-09-01 20:50:00,0.0,0.8446981245824895,61.049510650634765,0.7502630576753004
Andreas,2025-09-01 20:55:00,0.0,0.8446981245824895,57.52742609024048,0.7502630576753004
Andreas,2025-09-01 21:00:00,0.0,0.8446981245824895,55.73874849319458,0.7502630576753004
Andreas,2025-09-01 21:05:00,0.0,0.8446981245824895,55.249048385620114,0.7502630576753004
Andreas,2025-09-01 21:10:00,0.0,0.8446981245824895,45.418618030548096,0.7502630576753004
Andreas,2025-09-01 21:15:00,0.0,0.8446981245824895,45.45844032287598,0.7502630576753004
Andreas,2025-09-01 21:20:00,0.0,0.8446981245824895,44.20312995910645,0.7502630576753004
Andreas,2025-09-01 21:25:00,0.0,0.8446981245824895,47.19685405731201,0.7502630576753004
Andreas,2025-09-01 21:30:00,0.0,0.8446981245824895,94.35239807128906,0.7502630576753004
Andreas,2025-09-01 21:35:00,0.0,0.8446981245824895,95.23526901245117,0.7502630576753004
Andreas,2025-09-01 21:40:00,0.0,0.8446981245824895,94.27715032577515,0.7502630576753004
Andreas,2025-09-01 21:45:00,0.0,0.8446981245824895,43.684686279296876,0.7502630576753004
Andreas,2025-09-01 21:50:00,0.0,0.8446981245824895,89.94500154495239,0.7502630576753004
Andreas,2025-09-01 21:55:00,0.0,0.8446981245824895,129.39138045310975,0.7502630576753004
Andreas,2025-09-01 22:00:00,0.0,0.8446981245824895,153.60341206550598,0.7502630576753004
Andreas,2025-09-01 22:05:00,0.0,0.8446981245824895,153.57988676071167,0.7502630576753004
Andreas,2025-09-01 22:10:00,0.0,0.8446981245824895,142.5570528125763,0.7502630576753004
Andreas,2025-09-01 22:15:00,0.0,0.8446981245824895,141.93101910591125,0.7502630576753004
Andreas,2025-09-01 22:20:00,0.0,0.8446981245824895,181.28661356925966,0.7502630576753004
Andreas,2025-09-01 22:25:00,0.0,0.8446981245824895,137.46810115814208,0.7502630576753004
Andreas,2025-09-01 22:30:00,0.0,0.8446981245824895,144.37448119163514,0.7502630576753004
Andreas,2025-09-01 22:35:00,0.0,0.8446981245824895,186.67428066253663,0.7502630576753004
Andreas,2025-09-01 22:40:00,0.0,0.8446981245824895,134.9375734806061,0.7502630576753004
Andreas,2025-09-01 22:45:00,0.0,0.8446981245824895,126.50448337554931,0.7502630576753004
Andreas,2025-09-01 22:50:00,0.0,0.8446981245824895,126.02107271194458,0.7502630576753004
Andreas,2025-09-01 22:55:00,0.0,0.8446981245824895,237.44738587379456,0.7502630576753004
Andreas,2025-09-01 23:00:00,0.0,0.8446981245824895,245.6922877597809,0.7502630576753004
Andreas,2025-09-01 23:05:00,0.0,0.8446981245824895,236.19184307098388,0.7502630576753004
Andreas,2025-09-01 23:10:00,0.0,0.8446981245824895,232.4446838951111,0.7502630576753004
Andreas,2025-09-01 23:15:00,0.0,0.8446981245824895,232.20192531585693,0.7502630576753004
Andreas,2025-09-01 23:20:00,0.0,0.8446981245824895,158.70980021476745,0.7502630576753004
Andreas,2025-09-01 23:25:00,0.0,0.8446981245824895,214.28809144020082,0.7502630576753004
Andreas,2025-09-01 23:30:00,0.0,0.8446981245824895,229.97196739196778,0.7502630576753004
Andreas,2025-09-01 23:35:00,0.0,0.8446981245824895,229.87253403663635,0.7502630576753004
Andreas,2025-09-01 23:40:00,0.0,0.8446981245824895,231.54667981147767,0.7502630576753004
Andreas,2025-09-01 23:45:00,0.0,0.8446981245824895,232.5100329017639,0.7502630576753004
Andreas,2025-09-01 23:50:00,0.0,0.8446981245824895,243.70982657432558,0.7502630576753004
Andreas,2025-09-01 23:55:00,0.0,0.8446981245824895,228.77140937805177,0.7502630576753004
Andreas,2025-09-02 00:00:00,0.0,0.8446981245824895,149.27544998168946,0.7502630576753004
Andreas,2025-09-02 00:05:00,0.0,0.8446981245824895,234.73348844528198,0.7502630576753004
Andreas,2025-09-02 00:10:00,0.0,0.8446981245824895,151.9977666091919,0.7502630576753004
Andreas,2025-09-02 00:15:00,0.0,0.8446981245824895,237.4496381998062,0.7502630576753004
Andreas,2025-09-02 00:20:00,0.0,0.8446981245824895,242.20057003974915,0.7502630576753004
Andreas,2025-09-02 00:25:00,0.0,0.8446981245824895,227.40143352985382,0.7502630576753004
Andreas,2025-09-02 00:30:00,0.0,0.8446981245824895,272.2473368549347,0.7502630576753004
Andreas,2025-09-02 00:35:00,0.0,0.8446981245824895,147.47507822036744,0.7502630576753004
Andreas,2025-09-02 00:40:00,0.0,0.8446981245824895,231.44436398506164,0.7502630576753004
Andreas,2025-09-02 00:45:00,0.0,0.8446981245824895,147.18105136871338,0.7502630576753004
Andreas,2025-09-02 00:50:00,0.0,0.8446981245824895,227.84217329502107,0.7502630576753004
Andreas,2025-09-02 00:55:00,0.0,0.8446981245824895,161.33437673568724,0.7502630576753004
Andreas,2025-09-02 01:00:00,0.0,0.8446981245824895,238.44484613895418,0.7502630576753004
Andreas,2025-09-02 01:05:00,0.0,0.8446981245824895,151.17856164932252,0.7502630576753004
Andreas,2025-09-02 01:10:00,0.0,0.8446981245824895,237.69163856983184,0.7502630576753004
Andreas,2025-09-02 01:15:00,0.0,0.8446981245824895,54.97795106887818,0.7502630576753004
Andreas,2025-09-02 01:20:00,0.0,0.8446981245824895,133.82440296173095,0.7502630576753004
Andreas,2025-09-02 01:25:00,0.0,0.8446981245824895,46.67940059185028,0.7502630576753004
Andreas,2025-09-02 01:30:00,0.0,0.8446981245824895,268.67654330730437,0.7502630576753004
Andreas,2025-09-02 01:35:00,0.0,0.8446981245824895,139.56577984809874,0.7502630576753004
Andreas,2025-09-02 01:40:00,0.0,0.8446981245824895,231.05617039680482,0.7502630576753004
Andreas,2025-09-02 01:45:00,0.0,0.8446981245824895,143.20274649620058,0.7502630576753004
Andreas,2025-09-02 01:50:00,0.0,0.8446981245824895,231.55363718032837,0.7502630576753004
Andreas,2025-09-02 01:55:00,0.0,0.8446981245824895,144.70112866401672,0.7502630576753004
Andreas,2025-09-02 02:00:00,0.0,0.8446981245824895,136.86583322048187,0.7502630576753004
Andreas,2025-09-02 02:05:00,0.0,0.8446981245824895,132.16199049949645,0.7502630576753004
Andreas,2025-09-02 02:10:00,0.0,0.8446981245824895,66.7739994764328,0.7502630576753004
Andreas,2025-09-02 02:15:00,0.0,0.8446981245824895,227.91461492061615,0.7502630576753004
Andreas,2025-09-02 02:20:00,0.0,0.8446981245824895,147.12315150737763,0.7502630576753004
Andreas,2025-09-02 02:25:00,0.0,0.8446981245824895,236.7470226383209,0.7502630576753004
Andreas,2025-09-02 02:30:00,0.0,0.8446981245824895,146.4204461288452,0.7502630576753004
Andreas,2025-09-02 02:35:00,0.0,0.8446981245824895,224.33741967201232,0.7502630576753004
Andreas,2025-09-02 02:40:00,0.0,0.8446981245824895,46.094086337089536,0.7502630576753004
Andreas,2025-09-02 02:45:00,0.0,0.8446981245824895,141.39277283668517,0.7502630576753004
Andreas,2025-09-02 02:50:00,0.0,0.8446981245824895,47.958366270065305,0.7502630576753004
Andreas,2025-09-02 02:55:00,0.0,0.8446981245824895,220.15705999851227,0.7502630576753004
Andreas,2025-09-02 03:00:00,0.0,0.8446981245824895,136.4505787086487,0.7502630576753004
Andreas,2025-09-02 03:05:00,0.0,0.8446981245824895,222.07049374580384,0.7502630576753004
Andreas,2025-09-02 03:10:00,0.0,0.8446981245824895,138.57636874198914,0.7502630576753004
Andreas,2025-09-02 03:15:00,0.0,0.8446981245824895,125.61286945819855,0.7502630576753004
Andreas,2025-09-02 03:20:00,0.0,0.8446981245824895,123.27345051288604,0.7502630576753004
Andreas,2025-09-02 03:25:00,0.0,0.8446981245824895,42.491511673927306,0.7502630576753004
Andreas,2025-09-02 03:30:00,0.0,0.8446981245824895,120.68468109607697,0.7502630576753004
Andreas,2025-09-02 03:35:00,0.0,0.8446981245824895,127.14815146446227,0.7502630576753004
Andreas,2025-09-02 03:40:00,0.0,0.8446981245824895,214.17573512554168,0.7502630576753004
Andreas,2025-09-02 03:45:00,0.0,0.8446981245824895,130.5875640630722,0.7502630576753004
Andreas,2025-09-02 03:50:00,0.0,0.8446981245824895,122.53952631473541,0.7502630576753004
Andreas,2025-09-02 03:55:00,0.0,0.8446981245824895,146.7143048810959,0.7502630576753004
Andreas,2025-09-02 04:00:00,0.0,0.8446981245824895,228.56981211662293,0.7502630576753004
Andreas,2025-09-02 04:05:00,0.0,0.8446981245824895,153.7331412601471,0.7502630576753004
Andreas,2025-09-02 04:10:00,0.0,0.8446981245824895,317.78174417972565,0.7502630576753004
Andreas,2025-09-02 04:15:00,0.0,0.8446981245824895,239.60360514640809,0.7502630576753004
Andreas,2025-09-02 04:20:00,0.0,0.8446981245824895,322.0852141523361,0.7502630576753004
Andreas,2025-09-02 04:25:00,0.0,0.8446981245824895,215.89444043636323,0.7502630576753004
Andreas,2025-09-02 04:30:00,0.0,0.8446981245824895,41.32491281032562,0.7502630576753004
Andreas,2025-09-02 04:35:00,0.0,0.8446981245824895,124.47360108852386,0.7502630576753004
Andreas,2025-09-02 04:40:00,0.0,0.8446981245824895,40.581480338573456,0.7502630576753004
Andreas,2025-09-02 04:45:00,0.0,0.8446981245824895,133.90842996120452,0.7502630576753004
Andreas,2025-09-02 04:50:00,0.0,0.8446981245824895,125.98216289281845,0.7502630576753004
Andreas,2025-09-02 04:55:00,0.0,0.8446981245824895,213.99625785350798,0.7502630576753004
Andreas,2025-09-02 05:00:00,0.0,0.8446981245824895,124.5449435710907,0.7502630576753004
Andreas,2025-09-02 05:05:00,0.0,0.8446981245824895,147.31376440286635,0.7502630576753004
Andreas,2025-09-02 05:10:00,0.0,0.8446981245824895,58.80626439332962,0.7502630576753004
Andreas,2025-09-02 05:15:00,0.0,0.8446981245824895,143.3806965446472,0.7502630576753004
Andreas,2025-09-02 05:20:00,0.0,0.8446981245824895,111.74413842201233,0.7502630576753004
Andreas,2025-09-02 05:25:00,0.0,0.8446981245824895,118.30547116518021,0.7502630576753004
Andreas,2025-09-02 05:30:00,0.0,0.8446981245824895,210.43190145015717,0.7502630576753004
Andreas,2025-09-02 05:35:00,0.0,0.8446981245824895,131.79528406620025,0.7502630576753004
Andreas,2025-09-02 05:40:00,0.0,0.8446981245824895,209.6698006772995,0.7502630576753004
Andreas,2025-09-02 05:45:00,0.0,0.8446981245824895,39.209051761627194,0.7502630576753004
Andreas,2025-09-02 05:50:00,0.0,0.8446981245824895,38.13405835151672,0.7502630576753004
Andreas,2025-09-02 05:55:00,0.0,0.8446981245824895,45.380830874443056,0.7502630576753004
Andreas,2025-09-02 06:00:00,0.0,0.8446981245824895,39.853162217140195,0.7502630576753004
Andreas,2025-09-02 06:05:00,0.0,0.8446981245824895,36.21947078466415,0.7502630576753004
Andreas,2025-09-02 06:10:00,0.0,0.8446981245824895,124.87452569484711,0.7502630576753004
Andreas,2025-09-02 06:15:00,0.0,0.8446981245824895,162.72877097129822,0.7502630576753004
Andreas,2025-09-02 06:20:00,0.0,0.8446981245824895,163.47836228370667,0.7502630576753004
Andreas,2025-09-02 06:25:00,0.0,0.8446981245824895,73.23825763463974,0.7502630576753004
Andreas,2025-09-02 06:30:00,1.731157660484314,0.8446981245824895,190.4407141304016,0.7502630576753004
Andreas,2025-09-02 06:35:00,4.208040714263916,0.8446981245824895,98.97203814029693,0.7502630576753004
Andreas,2025-09-02 06:40:00,6.6148858070373535,0.8446981245824895,46.50527313947678,0.7502630576753004
Andreas,2025-09-02 06:45:00,9.052400588989258,0.8446981245824895,45.82076976060867,0.7502630576753004
Andreas,2025-09-02 06:50:00,11.690935134887695,0.8446981245824895,240.64360273420812,0.7502630576753004
Andreas,2025-09-02 06:55:00,14.62407112121582,0.8446981245824895,124.23505831032992,0.7502630576753004
Andreas,2025-09-02 07:00:00,17.436281204223633,0.8446981245824895,37.285457124710085,0.7502630576753004
Andreas,2025-09-02 07:05:00,20.452547073364258,0.8446981245824895,34.30499361813068,0.7502630576753004
Andreas,2025-09-02 07:10:00,23.773164749145508,0.8446981245824895,38.27648942112923,0.7502630576753004
Andreas,2025-09-02 07:15:00,26.88304328918457,0.8446981245824895,29.992921224832536,0.7502630576753004
Andreas,2025-09-02 07:20:00,30.182458877563477,0.8446981245824895,26.82665849685669,0.7502630576753004
Andreas,2025-09-02 07:25:00,33.94387435913086,0.8446981245824895,26.881341700553893,0.7502630576753004
Andreas,2025-09-02 07:30:00,37.49216842651367,0.8446981245824895,117.16326407432557,0.7502630576753004
Andreas,2025-09-02 07:35:00,41.23153305053711,0.8446981245824895,120.36067862272263,0.7502630576753004
Andreas,2025-09-02 07:40:00,44.91282272338867,0.8446981245824895,122.3831017446518,0.7502630576753004
Andreas,2025-09-02 07:45:00,48.86434555053711,0.8446981245824895,40.085834279060364,0.7502630576753004
Andreas,2025-09-02 07:50:00,53.13237380981445,0.8446981245824895,28.412540009021757,0.7502630576753004
Andreas,2025-09-02 07:55:00,57.59623336791992,0.8446981245824895,28.953486366271974,0.7502630576753004
Andreas,2025-09-02 08:00:00,61.79220962524414,0.8446981245824895,27.757309677600862,0.7502630576753004
Andreas,2025-09-02 08:05:00,66.44792938232422,0.8446981245824895,27.20518783211708,0.7502630576753004
Andreas,2025-09-02 08:10:00,71.2564468383789,0.8446981245824895,119.36019470334053,0.7502630576753004
Andreas,2025-09-02 08:15:00,76.05194854736328,0.8446981245824895,121.42822881698608,0.7502630576753004
Andreas,2025-09-02 08:20:00,81.13884735107422,0.8446981245824895,125.21205400943757,0.7502630576753004
Andreas,2025-09-02 08:25:00,86.23779296875,0.8446981245824895,28.388762555122376,0.7502630576753004
Andreas,2025-09-02 08:30:00,91.4189682006836,0.8446981245824895,27.254405345916748,0.7502630576753004
Andreas,2025-09-02 08:35:00,96.9203109741211,0.8446981245824895,32.816217260360716,0.7502630576753004
Andreas,2025-09-02 08:40:00,102.45374298095703,0.8446981245824895,144.0396089029312,0.7502630576753004
Andreas,2025-09-02 08:45:00,108.27998352050781,0.8446981245824895,143.68277045726776,0.7502630576753004
Andreas,2025-09-02 08:50:00,114.37629699707031,0.8446981245824895,186.7410378742218,0.7502630576753004
Andreas,2025-09-02 08:55:00,120.72175598144531,0.8446981245824895,235.54278604507445,0.7502630576753004
Andreas,2025-09-02 09:00:00,127.0713882446289,0.8446981245824895,146.6734414291382,0.7502630576753004
Andreas,2025-09-02 09:05:00,133.86209106445312,0.8446981245824895,132.80297061920166,0.7502630576753004
Andreas,2025-09-02 09:10:00,140.4546661376953,0.8446981245824895,27.241393127441405,0.7502630576753004
Andreas,2025-09-02 09:15:00,147.45018005371094,0.8446981245824895,57.863410096168515,0.7502630576753004
Andreas,2025-09-02 09:20:00,154.23008728027344,0.8446981245824895,31.39121230125427,0.7502630576753004
Andreas,2025-09-02 09:25:00,161.5700225830078,0.8446981245824895,71.54286847114562,0.7502630576753004
Andreas,2025-09-02 09:30:00,168.82078552246094,0.8446981245824895,35.88597104072571,0.7502630576753004
Andreas,2025-09-02 09:35:00,176.14382934570312,0.8446981245824895,35.891191399097444,0.7502630576753004
Andreas,2025-09-02 09:40:00,183.58297729492188,0.8446981245824895,26.420687173604964,0.7502630576753004
Andreas,2025-09-02 09:45:00,191.31094360351562,0.8446981245824895,24.085019993782044,0.7502630576753004
Andreas,2025-09-02 09:50:00,198.9792022705078,0.8446981245824895,52.04856665849686,0.7502630576753004
Andreas,2025-09-02 09:55:00,206.7190399169922,0.8446981245824895,200.73047131419182,0.7502630576753004
Andreas,2025-09-02 10:00:00,214.4649658203125,0.8446981245824895,209.08331992149354,0.7502630576753004
Andreas,2025-09-02 10:05:00,222.71780395507812,0.8446981245824895,28.14555416703224,0.7502630576753004
Andreas,2025-09-02 10:10:00,230.4929656982422,0.8446981245824895,24.057260177731514,0.7502630576753004
Andreas,2025-09-02 10:15:00,238.05551147460938,0.8446981245824895,29.60953717172146,0.7502630576753004
Andreas,2025-09-02 10:20:00,245.96754455566406,0.8446981245824895,63.04952021837234,0.7502630576753004
Andreas,2025-09-02 10:25:00,253.8546600341797,0.8446981245824895,39.227226198911666,0.7502630576753004
Andreas,2025-09-02 10:30:00,261.4193420410156,0.8446981245824895,34.833340899944304,0.7502630576753004
Andreas,2025-09-02 10:35:00,268.8430480957031,0.8446981245824895,126.29808711647988,0.7502630576753004
Andreas,2025-09-02 10:40:00,276.8708190917969,0.8446981245824895,242.64809101700783,0.7502630576753004
Andreas,2025-09-02 10:45:00,284.5223388671875,0.8446981245824895,258.11817291259763,0.7502630576753004
Andreas,2025-09-02 10:50:00,291.76983642578125,0.8446981245824895,231.50633843898774,0.7502630576753004
Andreas,2025-09-02 10:55:00,299.24761962890625,0.8446981245824895,149.08431028127671,0.7502630576753004
Andreas,2025-09-02 11:00:00,306.8642883300781,0.8446981245824895,189.2435853266716,0.7502630576753004
Andreas,2025-09-02 11:05:00,314.0047912597656,0.8446981245824895,169.50858321666718,0.7502630576753004
Andreas,2025-09-02 11:10:00,320.6452941894531,0.8446981245824895,168.53214869499206,0.7502630576753004
Andreas,2025-09-02 11:15:00,327.50732421875,0.8446981245824895,174.66310509204865,0.7502630576753004
Andreas,2025-09-02 11:20:00,333.79559326171875,0.8446981245824895,176.40012529850006,0.7502630576753004
Andreas,2025-09-02 11:25:00,340.4322814941406,0.8446981245824895,428.90537082195283,0.7502630576753004
Andreas,2025-09-02 11:30:00,346.21728515625,0.8446981245824895,261.10336392879486,0.7502630576753004
Andreas,2025-09-02 11:35:00,351.63726806640625,0.8446981245824895,252.64940520763398,0.7502630576753004
Andreas,2025-09-02 11:40:00,356.823486328125,0.8446981245824895,258.8414655447006,0.7502630576753004
Andreas,2025-09-02 11:45:00,361.9251708984375,0.8446981245824895,436.9112319278717,0.7502630576753004
Andreas,2025-09-02 11:50:00,366.7301025390625,0.8446981245824895,451.6145798635483,0.7502630576753004
Andreas,2025-09-02 11:55:00,371.32794189453125,0.8446981245824895,428.7944068050385,0.7502630576753004
Andreas,2025-09-02 12:00:00,375.3486328125,0.8446981245824895,261.09001052856445,0.7502630576753004
Andreas,2025-09-02 12:05:00,379.10003662109375,0.8446981245824895,252.55751920700072,0.7502630576753004
Andreas,2025-09-02 12:10:00,383.0406188964844,0.8446981245824895,534.767022676468,0.7502630576753004
Andreas,2025-09-02 12:15:00,386.4483947753906,0.8446981245824895,728.7060628223419,0.7502630576753004
Andreas,2025-09-02 12:20:00,389.2162780761719,0.8446981245824895,428.9257772445679,0.7502630576753004
Andreas,2025-09-02 12:25:00,392.0750427246094,0.8446981245824895,385.7317444610596,0.7502630576753004
Andreas,2025-09-02 12:30:00,394.5307922363281,0.8446981245824895,428.5428506565094,0.7502630576753004
Andreas,2025-09-02 12:35:00,396.5802001953125,0.8446981245824895,277.94873789787295,0.7502630576753004
Andreas,2025-09-02 12:40:00,397.77618408203125,0.8446981245824895,275.70922151565554,0.7502630576753004
Andreas,2025-09-02 12:45:00,399.49188232421875,0.8446981245824895,277.7346011352539,0.7502630576753004
Andreas,2025-09-02 12:50:00,400.2935791015625,0.8446981245824895,485.58622283935546,0.7502630576753004
Andreas,2025-09-02 12:55:00,401.3684387207031,0.8446981245824895,475.0518419265747,0.7502630576753004
Andreas,2025-09-02 13:00:00,401.1781311035156,0.8446981245824895,318.6227149105072,0.7502630576753004
Andreas,2025-09-02 13:05:00,401.4612731933594,0.8446981245824895,313.430398645401,0.7502630576753004
Andreas,2025-09-02 13:10:00,401.0613708496094,0.8446981245824895,314.518253030777,0.7502630576753004
Andreas,2025-09-02 13:15:00,400.693359375,0.8446981245824895,310.05491686820983,0.7502630576753004
Andreas,2025-09-02 13:20:00,399.8487854003906,0.8446981245824895,318.88442295074464,0.7502630576753004
Andreas,2025-09-02 13:25:00,398.6604919433594,0.8446981245824895,321.7181964492798,0.7502630576753004
Andreas,2025-09-02 13:30:00,397.4112548828125,0.8446981245824895,484.11406160354613,0.7502630576753004
Andreas,2025-09-02 13:35:00,395.39874267578125,0.8446981245824895,315.4327761268616,0.7502630576753004
Andreas,2025-09-02 13:40:00,393.54205322265625,0.8446981245824895,346.55356337070464,0.7502630576753004
Andreas,2025-09-02 13:45:00,391.53778076171875,0.8446981245824895,405.56442402362825,0.7502630576753004
Andreas,2025-09-02 13:50:00,388.5160827636719,0.8446981245824895,307.82570173501966,0.7502630576753004
Andreas,2025-09-02 13:55:00,385.4413757324219,0.8446981245824895,399.9931227040291,0.7502630576753004
Andreas,2025-09-02 14:00:00,382.2864074707031,0.8446981245824895,317.8517759132385,0.7502630576753004
Andreas,2025-09-02 14:05:00,379.15087890625,0.8446981245824895,303.39199878931043,0.7502630576753004
Andreas,2025-09-02 14:10:00,375.5619812011719,0.8446981245824895,144.7515036725998,0.7502630576753004
Andreas,2025-09-02 14:15:00,371.4110412597656,0.8446981245824895,181.93965647161008,0.7502630576753004
Andreas,2025-09-02 14:20:00,366.9798583984375,0.8446981245824895,239.4239569914341,0.7502630576753004
Andreas,2025-09-02 14:25:00,362.5705261230469,0.8446981245824895,153.1759073281288,0.7502630576753004
Andreas,2025-09-02 14:30:00,358.4166564941406,0.8446981245824895,164.3104245686531,0.7502630576753004
Andreas,2025-09-02 14:35:00,353.6171875,0.8446981245824895,137.22626159667968,0.7502630576753004
Andreas,2025-09-02 14:40:00,348.68328857421875,0.8446981245824895,162.51791554927826,0.7502630576753004
Andreas,2025-09-02 14:45:00,343.4378662109375,0.8446981245824895,130.91374938964844,0.7502630576753004
Andreas,2025-09-02 14:50:00,338.6414489746094,0.8446981245824895,196.17283800125122,0.7502630576753004
Andreas,2025-09-02 14:55:00,333.1920471191406,0.8446981245824895,160.21518939971924,0.7502630576753004
Andreas,2025-09-02 15:00:00,328.0001525878906,0.8446981245824895,138.0576114845276,0.7502630576753004
Andreas,2025-09-02 15:05:00,322.04638671875,0.8446981245824895,126.16904205322265,0.7502630576753004
Andreas,2025-09-02 15:10:00,316.2241516113281,0.8446981245824895,125.24050655364991,0.7502630576753004
Andreas,2025-09-02 15:15:00,309.6596984863281,0.8446981245824895,122.33422683715821,0.7502630576753004
Andreas,2025-09-02 15:20:00,303.8056335449219,0.8446981245824895,125.47795097351073,0.7502630576753004
Andreas,2025-09-02 15:25:00,297.6430969238281,0.8446981245824895,293.86772659301755,0.7502630576753004
Andreas,2025-09-02 15:30:00,291.07568359375,0.8446981245824895,128.8125099182129,0.7502630576753004
Andreas,2025-09-02 15:35:00,284.0970153808594,0.8446981245824895,114.90084518432616,0.7502630576753004
Andreas,2025-09-02 15:40:00,277.7215881347656,0.8446981245824895,231.60192459106446,0.7502630576753004
Andreas,2025-09-02 15:45:00,270.75689697265625,0.8446981245824895,107.92594665527344,0.7502630576753004
Andreas,2025-09-02 15:50:00,263.6792297363281,0.8446981245824895,98.21590087890624,0.7502630576753004
Andreas,2025-09-02 15:55:00,256.61590576171875,0.8446981245824895,109.15844116210937,0.7502630576753004
Eleni,2025-09-01 16:00:00,199.88475036621094,0.654579236308326,27.290907859802246,0.9203232784274198
Eleni,2025-09-01 16:05:00,193.29786682128906,0.654579236308326,27.616985082626343,0.9203232784274198
Eleni,2025-09-01 16:10:00,186.75531005859375,0.654579236308326,27.897393703460693,0.9203232784274198
Eleni,2025-09-01 16:15:00,180.14231872558594,0.654579236308326,28.11707615852356,0.9203232784274198
Eleni,2025-09-01 16:20:00,173.15567016601562,0.654579236308326,18.120855808258057,0.9203232784274198
Eleni,2025-09-01 16:25:00,166.15882873535156,0.654579236308326,18.38655710220337,0.9203232784274198
Eleni,2025-09-01 16:30:00,158.64361572265625,0.654579236308326,18.403721809387207,0.9203232784274198
Eleni,2025-09-01 16:35:00,151.38876342773438,0.654579236308326,18.25339388847351,0.9203232784274198
Eleni,2025-09-01 16:40:00,144.10598754882812,0.654579236308326,18.217703819274902,0.9203232784274198
Eleni,2025-09-01 16:45:00,136.8599395751953,0.654579236308326,26.160434560775755,0.9203232784274198
Eleni,2025-09-01 16:50:00,129.08612060546875,0.654579236308326,38.46506039619446,0.9203232784274198
Eleni,2025-09-01 16:55:00,121.21607208251953,0.654579236308326,28.557231187820435,0.9203232784274198
Eleni,2025-09-01 17:00:00,113.1123275756836,0.654579236308326,28.480920238494875,0.9203232784274198
Eleni,2025-09-01 17:05:00,105.35575103759766,0.654579236308326,28.34803867340088,0.9203232784274198
Eleni,2025-09-01 17:10:00,97.66181945800781,0.654579236308326,28.796260595321655,0.9203232784274198
Eleni,2025-09-01 17:15:00,89.7416000366211,0.654579236308326,28.45581555366516,0.9203232784274198
Eleni,2025-09-01 17:20:00,82.06501007080078,0.654579236308326,28.73596795082092,0.9203232784274198
Eleni,2025-09-01 17:25:00,74.7955322265625,0.654579236308326,28.343088226318358,0.9203232784274198
Eleni,2025-09-01 17:30:00,67.42180633544922,0.654579236308326,28.12025761604309,0.9203232784274198
Eleni,2025-09-01 17:35:00,60.591163635253906,0.654579236308326,28.0279957485199,0.9203232784274198
Eleni,2025-09-01 17:40:00,53.583194732666016,0.654579236308326,26.062821226119993,0.9203232784274198
Eleni,2025-09-01 17:45:00,46.87662124633789,0.654579236308326,18.178901510238646,0.9203232784274198
Eleni,2025-09-01 17:50:00,40.43561935424805,0.654579236308326,17.95703637599945,0.9203232784274198
Eleni,2025-09-01 17:55:00,34.1941032409668,0.654579236308326,17.76092517375946,0.9203232784274198
Eleni,2025-09-01 18:00:00,28.416709899902344,0.654579236308326,8.19699640750885,0.9203232784274198
Eleni,2025-09-01 18:05:00,22.987884521484375,0.654579236308326,8.397706823348999,0.9203232784274198
Eleni,2025-09-01 18:10:00,17.704574584960938,0.654579236308326,8.223550038337708,0.9203232784274198
Eleni,2025-09-01 18:15:00,12.804635047912598,0.654579236308326,18.68603448390961,0.9203232784274198
Eleni,2025-09-01 18:20:00,8.361039161682129,0.654579236308326,18.531894044876097,0.9203232784274198
Eleni,2025-09-01 18:25:00,4.119034290313721,0.654579236308326,18.577394886016847,0.9203232784274198
Eleni,2025-09-01 18:30:00,0.12554216384887695,0.654579236308326,37.351121945381166,0.9203232784274198
Eleni,2025-09-01 18:35:00,0.0,0.654579236308326,28.906548857688904,0.9203232784274198
Eleni,2025-09-01 18:40:00,0.0,0.654579236308326,28.721019105911253,0.9203232784274198
Eleni,2025-09-01 18:45:00,0.0,0.654579236308326,28.482373638153078,0.9203232784274198
Eleni,2025-09-01 18:50:00,0.0,0.654579236308326,28.06648600101471,0.9203232784274198
Eleni,2025-09-01 18:55:00,0.0,0.654579236308326,28.077052993774416,0.9203232784274198
Eleni,2025-09-01 19:00:00,0.0,0.654579236308326,18.376654191017153,0.9203232784274198
Eleni,2025-09-01 19:05:00,0.0,0.654579236308326,18.266837196350096,0.9203232784274198
Eleni,2025-09-01 19:10:00,0.0,0.654579236308326,18.27486904144287,0.9203232784274198
Eleni,2025-09-01 19:15:00,0.0,0.654579236308326,18.27318890571594,0.9203232784274198
Eleni,2025-09-01 19:20:00,0.0,0.654579236308326,26.513850612640383,0.9203232784274198
Eleni,2025-09-01 19:25:00,0.0,0.654579236308326,18.54038746833801,0.9203232784274198
Eleni,2025-09-01 19:30:00,0.0,0.654579236308326,181.39710521697998,0.9203232784274198
Eleni,2025-09-01 19:35:00,0.0,0.654579236308326,28.981953144073486,0.9203232784274198
Eleni,2025-09-01 19:40:00,0.0,0.654579236308326,28.734539108276365,0.9203232784274198
Eleni,2025-09-01 19:45:00,0.0,0.654579236308326,28.480146765708923,0.9203232784274198
Eleni,2025-09-01 19:50:00,0.0,0.654579236308326,28.607330560684204,0.9203232784274198
Eleni,2025-09-01 19:55:00,0.0,0.654579236308326,28.660098476409914,0.9203232784274198
Eleni,2025-09-01 20:00:00,0.0,0.654579236308326,28.469373779296873,0.9203232784274198
Eleni,2025-09-01 20:05:00,0.0,0.654579236308326,29.76773397445679,0.9203232784274198
Eleni,2025-09-01 20:10:00,0.0,0.654579236308326,37.853329496383665,0.9203232784274198
Eleni,2025-09-01 20:15:00,0.0,0.654579236308326,30.881393117904665,0.9203232784274198
Eleni,2025-09-01 20:20:00,0.0,0.654579236308326,31.222627878189087,0.9203232784274198
Eleni,2025-09-01 20:25:00,0.0,0.654579236308326,30.666089458465578,0.9203232784274198
Eleni,2025-09-01 20:30:00,0.0,0.654579236308326,18.75088596343994,0.9203232784274198
Eleni,2025-09-01 20:35:00,0.0,0.654579236308326,32.25247756958008,0.9203232784274198
Eleni,2025-09-01 20:40:00,0.0,0.654579236308326,118.13382800102234,0.9203232784274198
Eleni,2025-09-01 20:45:00,0.0,0.654579236308326,30.248954219818117,0.9203232784274198
Eleni,2025-09-01 20:50:00,0.0,0.654579236308326,30.000159740447998,0.9203232784274198
Eleni,2025-09-01 20:55:00,0.0,0.654579236308326,29.82780535697937,0.9203232784274198
Eleni,2025-09-01 21:00:00,0.0,0.654579236308326,37.238804264068605,0.9203232784274198
Eleni,2025-09-01 21:05:00,0.0,0.654579236308326,29.208693428039552,0.9203232784274198
Eleni,2025-09-01 21:10:00,0.0,0.654579236308326,29.377999229431154,0.9203232784274198
Eleni,2025-09-01 21:15:00,0.0,0.654579236308326,29.424937887191774,0.9203232784274198
Eleni,2025-09-01 21:20:00,0.0,0.654579236308326,29.568421916961668,0.9203232784274198
Eleni,2025-09-01 21:25:00,0.0,0.654579236308326,29.281574010849,0.9203232784274198
Eleni,2025-09-01 21:30:00,0.0,0.654579236308326,29.32189051628113,0.9203232784274198
Eleni,2025-09-01 21:35:00,0.0,0.654579236308326,29.242631597518923,0.9203232784274198
Eleni,2025-09-01 21:40:00,0.0,0.654579236308326,28.99444079399109,0.9203232784274198
Eleni,2025-09-01 21:45:00,0.0,0.654579236308326,28.79723834991455,0.9203232784274198
Eleni,2025-09-01 21:50:00,0.0,0.654579236308326,19.331677837371828,0.9203232784274198
Eleni,2025-09-01 21:55:00,0.0,0.654579236308326,27.024123668670654,0.9203232784274198
Eleni,2025-09-01 22:00:00,0.0,0.654579236308326,19.09064920425415,0.9203232784274198
Eleni,2025-09-01 22:05:00,0.0,0.654579236308326,19.0178023147583,0.9203232784274198
Eleni,2025-09-01 22:10:00,0.0,0.654579236308326,19.140787601470947,0.9203232784274198
Eleni,2025-09-01 22:15:00,0.0,0.654579236308326,19.239433126449583,0.9203232784274198
Eleni,2025-09-01 22:20:00,0.0,0.654579236308326,20.656798200607298,0.9203232784274198
Eleni,2025-09-01 22:25:00,0.0,0.654579236308326,20.220072507858276,0.9203232784274198
Eleni,2025-09-01 22:30:00,0.0,0.654579236308326,19.82502841949463,0.9203232784274198
Eleni,2025-09-01 22:35:00,0.0,0.654579236308326,19.600276231765747,0.9203232784274198
Eleni,2025-09-01 22:40:00,0.0,0.654579236308326,19.511936588287355,0.9203232784274198
Eleni,2025-09-01 22:45:00,0.0,0.654579236308326,27.519328117370605,0.9203232784274198
Eleni,2025-09-01 22:50:00,0.0,0.654579236308326,29.965637283325194,0.9203232784274198
Eleni,2025-09-01 22:55:00,0.0,0.654579236308326,29.82826416015625,0.9203232784274198
Eleni,2025-09-01 23:00:00,0.0,0.654579236308326,29.774055080413817,0.9203232784274198
Eleni,2025-09-01 23:05:00,0.0,0.654579236308326,29.697118997573853,0.9203232784274198
Eleni,2025-09-01 23:10:00,0.0,0.654579236308326,29.56436117172241,0.9203232784274198
Eleni,2025-09-01 23:15:00,0.0,0.654579236308326,29.441963510513304,0.9203232784274198
Eleni,2025-09-01 23:20:00,0.0,0.654579236308326,29.193622589111328,0.9203232784274198
Eleni,2025-09-01 23:25:00,0.0,0.654579236308326,29.20878450393677,0.9203232784274198
Eleni,2025-09-01 23:30:00,0.0,0.654579236308326,29.06512291908264,0.9203232784274198
Eleni,2025-09-01 23:35:00,0.0,0.654579236308326,36.404807567596436,0.9203232784274198
Eleni,2025-09-01 23:40:00,0.0,0.654579236308326,28.92684133529663,0.9203232784274198
Eleni,2025-09-01 23:45:00,0.0,0.654579236308326,19.359096450805666,0.9203232784274198
Eleni,2025-09-01 23:50:00,0.0,0.654579236308326,19.274563150405882,0.9203232784274198
Eleni,2025-09-01 23:55:00,0.0,0.654579236308326,19.267048120498657,0.9203232784274198
Eleni,2025-09-02 00:00:00,0.0,0.654579236308326,19.399949388504027,0.9203232784274198
Eleni,2025-09-02 00:05:00,0.0,0.654579236308326,9.695448713302612,0.9203232784274198
Eleni,2025-09-02 00:10:00,0.0,0.654579236308326,9.87242467880249,0.9203232784274198
Eleni,2025-09-02 00:15:00,0.0,0.654579236308326,20.159713430404665,0.9203232784274198
Eleni,2025-09-02 00:20:00,0.0,0.654579236308326,20.0904598236084,0.9203232784274198
Eleni,2025-09-02 00:25:00,0.0,0.654579236308326,19.676025552749635,0.9203232784274198
Eleni,2025-09-02 00:30:00,0.0,0.654579236308326,27.48870325088501,0.9203232784274198
Eleni,2025-09-02 00:35:00,0.0,0.654579236308326,30.550297737121582,0.9203232784274198
Eleni,2025-09-02 00:40:00,0.0,0.654579236308326,30.58123333930969,0.9203232784274198
Eleni,2025-09-02 00:45:00,0.0,0.654579236308326,30.32557384490967,0.9203232784274198
Eleni,2025-09-02 00:50:00,0.0,0.654579236308326,30.539906816482542,0.9203232784274198
Eleni,2025-09-02 00:55:00,0.0,0.654579236308326,29.97021563529968,0.9203232784274198
Eleni,2025-09-02 01:00:00,0.0,0.654579236308326,3.3088135719299316,0.9203232784274198
Eleni,2025-09-02 01:05:00,0.0,0.654579236308326,19.829454975128172,0.9203232784274198
Eleni,2025-09-02 01:10:00,0.0,0.654579236308326,19.87388674736023,0.9203232784274198
Eleni,2025-09-02 01:15:00,0.0,0.654579236308326,19.780337648391722,0.9203232784274198
Eleni,2025-09-02 01:20:00,0.0,0.654579236308326,27.41995461463928,0.9203232784274198
Eleni,2025-09-02 01:25:00,0.0,0.654579236308326,27.67966835021973,0.9203232784274198
Eleni,2025-09-02 01:30:00,0.0,0.654579236308326,19.589904623031615,0.9203232784274198
Eleni,2025-09-02 01:35:00,0.0,0.654579236308326,30.063513441085817,0.9203232784274198
Eleni,2025-09-02 01:40:00,0.0,0.654579236308326,30.14449954032898,0.9203232784274198
Eleni,2025-09-02 01:45:00,0.0,0.654579236308326,30.14462844848633,0.9203232784274198
Eleni,2025-09-02 01:50:00,0.0,0.654579236308326,29.866074008941652,0.9203232784274198
Eleni,2025-09-02 01:55:00,0.0,0.654579236308326,29.609921770095823,0.9203232784274198
Eleni,2025-09-02 02:00:00,0.0,0.654579236308326,29.59223699569702,0.9203232784274198
Eleni,2025-09-02 02:05:00,0.0,0.654579236308326,22.015571355819702,0.9203232784274198
Eleni,2025-09-02 02:10:00,0.0,0.654579236308326,19.485590772628782,0.9203232784274198
Eleni,2025-09-02 02:15:00,0.0,0.654579236308326,27.340493202209473,0.9203232784274198
Eleni,2025-09-02 02:20:00,0.0,0.654579236308326,20.335684614181517,0.9203232784274198
Eleni,2025-09-02 02:25:00,0.0,0.654579236308326,9.518385248184204,0.9203232784274198
Eleni,2025-09-02 02:30:00,0.0,0.654579236308326,9.807843608856201,0.9203232784274198
Eleni,2025-09-02 02:35:00,0.0,0.654579236308326,12.696899576187134,0.9203232784274198
Eleni,2025-09-02 02:40:00,0.0,0.654579236308326,20.373216152191162,0.9203232784274198
Eleni,2025-09-02 02:45:00,0.0,0.654579236308326,20.219105558395384,0.9203232784274198
Eleni,2025-09-02 02:50:00,0.0,0.654579236308326,20.071151971817017,0.9203232784274198
Eleni,2025-09-02 02:55:00,0.0,0.654579236308326,30.375757141113283,0.9203232784274198
Eleni,2025-09-02 03:00:00,0.0,0.654579236308326,30.497034072875977,0.9203232784274198
Eleni,2025-09-02 03:05:00,0.0,0.654579236308326,30.337805824279783,0.9203232784274198
Eleni,2025-09-02 03:10:00,0.0,0.654579236308326,37.71527409553528,0.9203232784274198
Eleni,2025-09-02 03:15:00,0.0,0.654579236308326,30.988317804336546,0.9203232784274198
Eleni,2025-09-02 03:20:00,0.0,0.654579236308326,29.61642654418945,0.9203232784274198
Eleni,2025-09-02 03:25:00,0.0,0.654579236308326,29.744878215789797,0.9203232784274198
Eleni,2025-09-02 03:30:00,0.0,0.654579236308326,29.484831733703615,0.9203232784274198
Eleni,2025-09-02 03:35:00,0.0,0.654579236308326,29.482097864151,0.9203232784274198
Eleni,2025-09-02 03:40:00,0.0,0.654579236308326,29.43706329345703,0.9203232784274198
Eleni,2025-09-02 03:45:00,0.0,0.654579236308326,19.240662813186646,0.9203232784274198
Eleni,2025-09-02 03:50:00,0.0,0.654579236308326,19.280506372451782,0.9203232784274198
Eleni,2025-09-02 03:55:00,0.0,0.654579236308326,9.21943823814392,0.9203232784274198
Eleni,2025-09-02 04:00:00,0.0,0.654579236308326,9.187854928970337,0.9203232784274198
Eleni,2025-09-02 04:05:00,0.0,0.654579236308326,17.03706033706665,0.9203232784274198
Eleni,2025-09-02 04:10:00,0.0,0.654579236308326,8.949276609420776,0.9203232784274198
Eleni,2025-09-02 04:15:00,0.0,0.654579236308326,20.575692100524904,0.9203232784274198
Eleni,2025-09-02 04:20:00,0.0,0.654579236308326,19.602318363189696,0.9203232784274198
Eleni,2025-09-02 04:25:00,0.0,0.654579236308326,19.713086681365965,0.9203232784274198
Eleni,2025-09-02 04:30:00,0.0,0.654579236308326,29.979689359664917,0.9203232784274198
Eleni,2025-09-02 04:35:00,0.0,0.654579236308326,29.87570357322693,0.9203232784274198
Eleni,2025-09-02 04:40:00,0.0,0.654579236308326,29.395967884063722,0.9203232784274198
Eleni,2025-09-02 04:45:00,0.0,0.654579236308326,29.593103408813477,0.9203232784274198
Eleni,2025-09-02 04:50:00,0.0,0.654579236308326,30.14218831062317,0.9203232784274198
Eleni,2025-09-02 04:55:00,0.0,0.654579236308326,36.19880024909973,0.9203232784274198
Eleni,2025-09-02 05:00:00,0.0,0.654579236308326,36.64802749633789,0.9203232784274198
Eleni,2025-09-02 05:05:00,0.0,0.654579236308326,18.727855129241945,0.9203232784274198
Eleni,2025-09-02 05:10:00,0.0,0.654579236308326,18.679623203277586,0.9203232784274198
Eleni,2025-09-02 05:15:00,0.0,0.654579236308326,18.589703397750853,0.9203232784274198
Eleni,2025-09-02 05:20:00,0.0,0.654579236308326,18.496200399398802,0.9203232784274198
Eleni,2025-09-02 05:25:00,0.0,0.654579236308326,18.28038637161255,0.9203232784274198
Eleni,2025-09-02 05:30:00,0.0,0.654579236308326,18.439328355789186,0.9203232784274198
Eleni,2025-09-02 05:35:00,0.0,0.654579236308326,28.998590068817137,0.9203232784274198
Eleni,2025-09-02 05:40:00,0.0,0.654579236308326,18.95630955696106,0.9203232784274198
Eleni,2025-09-02 05:45:00,0.0,0.654579236308326,19.00532341003418,0.9203232784274198
Eleni,2025-09-02 05:50:00,0.0,0.654579236308326,18.898893518447878,0.9203232784274198
Eleni,2025-09-02 05:55:00,0.0,0.654579236308326,26.316624002456663,0.9203232784274198
Eleni,2025-09-02 06:00:00,0.0,0.654579236308326,18.73838607788086,0.9203232784274198
Eleni,2025-09-02 06:05:00,1.1759800910949707,0.654579236308326,18.389070110321043,0.9203232784274198
Eleni,2025-09-02 06:10:00,2.945091724395752,0.654579236308326,18.301544904708862,0.9203232784274198
Eleni,2025-09-02 06:15:00,4.503685474395752,0.654579236308326,28.8434579372406,0.9203232784274198
Eleni,2025-09-02 06:20:00,6.048424243927002,0.654579236308326,28.536710739135742,0.9203232784274198
Eleni,2025-09-02 06:25:00,7.669800281524658,0.654579236308326,18.729087829589844,0.9203232784274198
Eleni,2025-09-02 06:30:00,9.123490333557129,0.654579236308326,18.577974243164064,0.9203232784274198
Eleni,2025-09-02 06:35:00,10.412323951721191,0.654579236308326,18.442310886383055,0.9203232784274198
Eleni,2025-09-02 06:40:00,11.967057228088379,0.654579236308326,18.369190769195555,0.9203232784274198
Eleni,2025-09-02 06:45:00,13.224991798400879,0.654579236308326,25.951443033218382,0.9203232784274198
Eleni,2025-09-02 06:50:00,14.511109352111816,0.654579236308326,18.852466983795168,0.9203232784274198
Eleni,2025-09-02 06:55:00,15.760346412658691,0.654579236308326,28.901339054107666,0.9203232784274198
Eleni,2025-09-02 07:00:00,16.8170166015625,0.654579236308326,28.77709277153015,0.9203232784274198
Eleni,2025-09-02 07:05:00,18.01214599609375,0.654579236308326,29.210026903152468,0.9203232784274198
Eleni,2025-09-02 07:10:00,18.76952362060547,0.654579236308326,28.75296688079834,0.9203232784274198
Eleni,2025-09-02 07:15:00,19.75921630859375,0.654579236308326,19.00859992027283,0.9203232784274198
Eleni,2025-09-02 07:20:00,20.627182006835938,0.654579236308326,19.099045991897583,0.9203232784274198
Eleni,2025-09-02 07:25:00,21.546829223632812,0.654579236308326,19.04850642204285,0.9203232784274198
Eleni,2025-09-02 07:30:00,22.411285400390625,0.654579236308326,19.280033664703367,0.9203232784274198
Eleni,2025-09-02 07:35:00,23.151268005371094,0.654579236308326,18.818505363464354,0.9203232784274198
Eleni,2025-09-02 07:40:00,23.884475708007812,0.654579236308326,16.73184370994568,0.9203232784274198
Eleni,2025-09-02 07:45:00,24.577774047851562,0.654579236308326,23.06166489601135,0.9203232784274198
Eleni,2025-09-02 07:50:00,25.216583251953125,0.654579236308326,19.82038585662842,0.9203232784274198
Eleni,2025-09-02 07:55:00,25.96503448486328,0.654579236308326,19.6631024646759,0.9203232784274198
Eleni,2025-09-02 08:00:00,26.82677459716797,0.654579236308326,19.89904053688049,0.9203232784274198
Eleni,2025-09-02 08:05:00,27.60340118408203,0.654579236308326,19.776098890304567,0.9203232784274198
Eleni,2025-09-02 08:10:00,28.58295440673828,0.654579236308326,19.754192905426024,0.9203232784274198
Eleni,2025-09-02 08:15:00,29.374088287353516,0.654579236308326,30.441149396896364,0.9203232784274198
Eleni,2025-09-02 08:20:00,30.332393646240234,0.654579236308326,30.037609577178955,0.9203232784274198
Eleni,2025-09-02 08:25:00,31.53653335571289,0.654579236308326,29.989313287734987,0.9203232784274198
Eleni,2025-09-02 08:30:00,33.03852462768555,0.654579236308326,33.1053346824646,0.9203232784274198
Eleni,2025-09-02 08:35:00,34.57487869262695,0.654579236308326,37.40124423980713,0.9203232784274198
Eleni,2025-09-02 08:40:00,36.365047454833984,0.654579236308326,29.39179985046387,0.9203232784274198
Eleni,2025-09-02 08:45:00,38.18357467651367,0.654579236308326,29.772611780166628,0.9203232784274198
Eleni,2025-09-02 08:50:00,40.19901657104492,0.654579236308326,19.822677536010744,0.9203232784274198
Eleni,2025-09-02 08:55:00,42.609153747558594,0.654579236308326,19.94764494895935,0.9203232784274198
Eleni,2025-09-02 09:00:00,45.33038330078125,0.654579236308326,9.995913028717041,0.9203232784274198
Eleni,2025-09-02 09:05:00,48.4680061340332,0.654579236308326,10.240288257598877,0.9203232784274198
Eleni,2025-09-02 09:10:00,51.930973052978516,0.654579236308326,10.34765100479126,0.9203232784274198
Eleni,2025-09-02 09:15:00,55.557701110839844,0.654579236308326,10.576522827148438,0.9203232784274198
Eleni,2025-09-02 09:20:00,59.737491607666016,0.654579236308326,10.7847758102417,0.9203232784274198
Eleni,2025-09-02 09:25:00,64.30717468261719,0.654579236308326,28.554012374877928,0.9203232784274198
Eleni,2025-09-02 09:30:00,69.08426666259766,0.654579236308326,41.544052600860596,0.9203232784274198
Eleni,2025-09-02 09:35:00,74.20309448242188,0.654579236308326,31.82713691711426,0.9203232784274198
Eleni,2025-09-02 09:40:00,79.93119812011719,0.654579236308326,31.14950132369995,0.9203232784274198
Eleni,2025-09-02 09:45:00,86.00466918945312,0.654579236308326,31.290538787841797,0.9203232784274198
Eleni,2025-09-02 09:50:00,92.32913208007812,0.654579236308326,31.076541900634766,0.9203232784274198
Eleni,2025-09-02 09:55:00,99.06786346435547,0.654579236308326,30.912296772003174,0.9203232784274198
Eleni,2025-09-02 10:00:00,106.29032897949219,0.654579236308326,31.155126972198488,0.9203232784274198
Eleni,2025-09-02 10:05:00,113.71014404296875,0.654579236308326,30.70850372314453,0.9203232784274198
Eleni,2025-09-02 10:10:00,121.25768280029297,0.654579236308326,30.607242031097414,0.9203232784274198
Eleni,2025-09-02 10:15:00,129.14540100097656,0.654579236308326,30.90041971206665,0.9203232784274198
Eleni,2025-09-02 10:20:00,137.23765563964844,0.654579236308326,28.900610370635988,0.9203232784274198
Eleni,2025-09-02 10:25:00,145.73696899414062,0.654579236308326,21.299072341918944,0.9203232784274198
Eleni,2025-09-02 10:30:00,154.03945922851562,0.654579236308326,21.544617099761965,0.9203232784274198
Eleni,2025-09-02 10:35:00,162.59786987304688,0.654579236308326,11.602046489715576,0.9203232784274198
Eleni,2025-09-02 10:40:00,171.31497192382812,0.654579236308326,11.667273044586182,0.9203232784274198
Eleni,2025-09-02 10:45:00,180.00975036621094,0.654579236308326,11.716396808624268,0.9203232784274198
Eleni,2025-09-02 10:50:00,188.59884643554688,0.654579236308326,68.96910850524903,0.9203232784274198
Eleni,2025-09-02 10:55:00,196.9999542236328,0.654579236308326,21.949872417449953,0.9203232784274198
Eleni,2025-09-02 11:00:00,205.22470092773438,0.654579236308326,22.02546890258789,0.9203232784274198
Eleni,2025-09-02 11:05:00,213.3491973876953,0.654579236308326,21.512529296875,0.9203232784274198
Eleni,2025-09-02 11:10:00,221.08897399902344,0.654579236308326,39.200175285339355,0.9203232784274198
Eleni,2025-09-02 11:15:00,228.54135131835938,0.654579236308326,36.880620555877684,0.9203232784274198
Eleni,2025-09-02 11:20:00,235.94493103027344,0.654579236308326,31.65160846710205,0.9203232784274198
Eleni,2025-09-02 11:25:00,243.08900451660156,0.654579236308326,31.373487071990965,0.9203232784274198
Eleni,2025-09-02 11:30:00,249.53445434570312,0.654579236308326,31.506201343536375,0.9203232784274198
Eleni,2025-09-02 11:35:00,255.67202758789062,0.654579236308326,31.41196346282959,0.9203232784274198
Eleni,2025-09-02 11:40:00,261.43048095703125,0.654579236308326,21.47030679702759,0.9203232784274198
Eleni,2025-09-02 11:45:00,266.5195007324219,0.654579236308326,21.452935771942137,0.9203232784274198
Eleni,2025-09-02 11:50:00,271.06103515625,0.654579236308326,21.093363761901855,0.9203232784274198
Eleni,2025-09-02 11:55:00,275.3848571777344,0.654579236308326,20.729672832489015,0.9203232784274198
Eleni,2025-09-02 12:00:00,279.01898193359375,0.654579236308326,20.766933364868166,0.9203232784274198
Eleni,2025-09-02 12:05:00,282.3038330078125,0.654579236308326,28.183668537139894,0.9203232784274198
Eleni,2025-09-02 12:10:00,285.012939453125,0.654579236308326,30.433039665222168,0.9203232784274198
Eleni,2025-09-02 12:15:00,287.6281433105469,0.654579236308326,30.3837633895874,0.9203232784274198
Eleni,2025-09-02 12:20:00,289.56134033203125,0.654579236308326,30.36948640823364,0.9203232784274198
Eleni,2025-09-02 12:25:00,290.964599609375,0.654579236308326,20.524143295288084,0.9203232784274198
Eleni,2025-09-02 12:30:00,292.1056823730469,0.654579236308326,20.15681846618652,0.9203232784274198
Eleni,2025-09-02 12:35:00,292.70703125,0.654579236308326,20.021931962966917,0.9203232784274198
Eleni,2025-09-02 12:40:00,292.48199462890625,0.654579236308326,19.75733208656311,0.9203232784274198
Eleni,2025-09-02 12:45:00,292.07220458984375,0.654579236308326,19.675243301391603,0.9203232784274198
Eleni,2025-09-02 12:50:00,291.9300537109375,0.654579236308326,19.29960687637329,0.9203232784274198
Eleni,2025-09-02 12:55:00,291.0658264160156,0.654579236308326,26.504019021987915,0.9203232784274198
Eleni,2025-09-02 13:00:00,289.8570251464844,0.654579236308326,19.541498823165895,0.9203232784274198
Eleni,2025-09-02 13:05:00,288.68597412109375,0.654579236308326,18.97190499305725,0.9203232784274198
Eleni,2025-09-02 13:10:00,287.1181945800781,0.654579236308326,18.440144777297974,0.9203232784274198
Eleni,2025-09-02 13:15:00,285.23797607421875,0.654579236308326,18.384435729980467,0.9203232784274198
Eleni,2025-09-02 13:20:00,283.3998718261719,0.654579236308326,18.06751970767975,0.9203232784274198
Eleni,2025-09-02 13:25:00,281.1708679199219,0.654579236308326,18.176104187965393,0.9203232784274198
Eleni,2025-09-02 13:30:00,279.0794372558594,0.654579236308326,28.562720937728884,0.9203232784274198
Eleni,2025-09-02 13:35:00,276.8189392089844,0.654579236308326,27.921403527259827,0.9203232784274198
Eleni,2025-09-02 13:40:00,273.9114685058594,0.654579236308326,29.637667179107666,0.9203232784274198
Eleni,2025-09-02 13:45:00,271.7180480957031,0.654579236308326,36.90855474948883,0.9203232784274198
Eleni,2025-09-02 13:50:00,269.7576599121094,0.654579236308326,29.565494298934937,0.9203232784274198
Eleni,2025-09-02 13:55:00,267.569091796875,0.654579236308326,29.21761405467987,0.9203232784274198
Eleni,2025-09-02 14:00:00,265.23431396484375,0.654579236308326,28.802750391960146,0.9203232784274198
Eleni,2025-09-02 14:05:00,263.3424377441406,0.654579236308326,17.085547370910646,0.9203232784274198
Eleni,2025-09-02 14:10:00,261.431640625,0.654579236308326,29.977323055267334,0.9203232784274198
Eleni,2025-09-02 14:15:00,259.3763122558594,0.654579236308326,28.96460521221161,0.9203232784274198
Eleni,2025-09-02 14:20:00,257.2261047363281,0.654579236308326,28.27878701686859,0.9203232784274198
Eleni,2025-09-02 14:25:00,254.96871948242188,0.654579236308326,28.283350033760073,0.9203232784274198
Eleni,2025-09-02 14:30:00,252.84878540039062,0.654579236308326,27.865542769432068,0.9203232784274198
Eleni,2025-09-02 14:35:00,250.49134826660156,0.654579236308326,28.393989162445067,0.9203232784274198
Eleni,2025-09-02 14:40:00,248.29574584960938,0.654579236308326,35.36991266727448,0.9203232784274198
Eleni,2025-09-02 14:45:00,245.77096557617188,0.654579236308326,28.41896538257599,0.9203232784274198
Eleni,2025-09-02 14:50:00,243.36532592773438,0.654579236308326,27.802497625350952,0.9203232784274198
Eleni,2025-09-02 14:55:00,240.9900665283203,0.654579236308326,28.00584840774536,0.9203232784274198
Eleni,2025-09-02 15:00:00,238.51693725585938,0.654579236308326,28.391546173095705,0.9203232784274198
Eleni,2025-09-02 15:05:00,236.109375,0.654579236308326,28.151210069656372,0.9203232784274198
Eleni,2025-09-02 15:10:00,233.7142333984375,0.654579236308326,28.700720071792603,0.9203232784274198
Eleni,2025-09-02 15:15:00,231.0424041748047,0.654579236308326,28.59048788070679,0.9203232784274198
Eleni,2025-09-02 15:20:00,227.625244140625,0.654579236308326,28.737699909210207,0.9203232784274198
Eleni,2025-09-02 15:25:00,224.03079223632812,0.654579236308326,29.071393651962282,0.9203232784274198
Eleni,2025-09-02 15:30:00,220.6595916748047,0.654579236308326,37.20371706962585,0.9203232784274198
Eleni,2025-09-02 15:35:00,216.79632568359375,0.654579236308326,29.343230409622194,0.9203232784274198
Eleni,2025-09-02 15:40:00,212.68724060058594,0.654579236308326,28.961517572402954,0.9203232784274198
Eleni,2025-09-02 15:45:00,208.24090576171875,0.654579236308326,29.19280640602112,0.9203232784274198
Eleni,2025-09-02 15:50:00,203.7177276611328,0.654579236308326,29.365101976394655,0.9203232784274198
Eleni,2025-09-02 15:55:00,198.71560668945312,0.654579236308326,29.01579761505127,0.9203232784274198
Yiannis,2025-09-01 16:00:00,431.6392822265625,0.7032739180919159,247.13115783691404,0.6915783274302607
Yiannis,2025-09-01 16:05:00,421.46807861328125,0.7032739180919159,258.08497528076174,0.6915783274302607
Yiannis,2025-09-01 16:10:00,411.04327392578125,0.7032739180919159,250.0645831298828,0.6915783274302607
Yiannis,2025-09-01 16:15:00,400.03240966796875,0.7032739180919159,152.71933197021485,0.6915783274302607
Yiannis,2025-09-01 16:20:00,389.5133972167969,0.7032739180919159,172.60112823486327,0.6915783274302607
Yiannis,2025-09-01 16:25:00,378.4217224121094,0.7032739180919159,189.4746548461914,0.6915783274302607
Yiannis,2025-09-01 16:30:00,367.4521484375,0.7032739180919159,215.20586349487303,0.6915783274302607
Yiannis,2025-09-01 16:35:00,356.30035400390625,0.7032739180919159,220.13872543334963,0.6915783274302607
Yiannis,2025-09-01 16:40:00,345.02288818359375,0.7032739180919159,157.29865997314454,0.6915783274302607
Yiannis,2025-09-01 16:45:00,334.1612548828125,0.7032739180919159,373.5952919006348,0.6915783274302607
Yiannis,2025-09-01 16:50:00,323.68048095703125,0.7032739180919159,369.79504287719726,0.6915783274302607
Yiannis,2025-09-01 16:55:00,313.0367736816406,0.7032739180919159,383.78361282348635,0.6915783274302607
Yiannis,2025-09-01 17:00:00,301.4064636230469,0.7032739180919159,373.46257568359374,0.6915783274302607
Yiannis,2025-09-01 17:05:00,290.4730224609375,0.7032739180919159,394.5801388549805,0.6915783274302607
Yiannis,2025-09-01 17:10:00,279.59124755859375,0.7032739180919159,378.54908004760745,0.6915783274302607
Yiannis,2025-09-01 17:15:00,268.5046081542969,0.7032739180919159,374.9283764648437,0.6915783274302607
Yiannis,2025-09-01 17:20:00,257.38690185546875,0.7032739180919159,362.6376823425293,0.6915783274302607
Yiannis,2025-09-01 17:25:00,245.99046325683594,0.7032739180919159,352.7376818847656,0.6915783274302607
Yiannis,2025-09-01 17:30:00,235.06210327148438,0.7032739180919159,372.573032913208,0.6915783274302607
Yiannis,2025-09-01 17:35:00,224.5558624267578,0.7032739180919159,360.2236338043213,0.6915783274302607
Yiannis,2025-09-01 17:40:00,213.80955505371094,0.7032739180919159,361.5444623565674,0.6915783274302607
Yiannis,2025-09-01 17:45:00,203.0986785888672,0.7032739180919159,259.7552834320068,0.6915783274302607
Yiannis,2025-09-01 17:50:00,192.7628936767578,0.7032739180919159,262.1808115386963,0.6915783274302607
Yiannis,2025-09-01 17:55:00,182.21214294433594,0.7032739180919159,300.6779002380371,0.6915783274302607
Yiannis,2025-09-01 18:00:00,171.6825714111328,0.7032739180919159,268.3801776123047,0.6915783274302607
Yiannis,2025-09-01 18:05:00,161.22872924804688,0.7032739180919159,282.47482917785646,0.6915783274302607
Yiannis,2025-09-01 18:10:00,150.90628051757812,0.7032739180919159,301.7955261993408,0.6915783274302607
Yiannis,2025-09-01 18:15:00,140.56944274902344,0.7032739180919159,305.54457172393796,0.6915783274302607
Yiannis,2025-09-01 18:20:00,130.37252807617188,0.7032739180919159,308.8328662109375,0.6915783274302607
Yiannis,2025-09-01 18:25:00,120.32978820800781,0.7032739180919159,357.04743099212646,0.6915783274302607
Yiannis,2025-09-01 18:30:00,110.43125915527344,0.7032739180919159,472.46553092956543,0.6915783274302607
Yiannis,2025-09-01 18:35:00,100.98886108398438,0.7032739180919159,480.64230781555176,0.6915783274302607
Yiannis,2025-09-01 18:40:00,91.86567687988281,0.7032739180919159,492.62600845336914,0.6915783274302607
Yiannis,2025-09-01 18:45:00,82.79905700683594,0.7032739180919159,481.29728332519534,0.6915783274302607
Yiannis,2025-09-01 18:50:00,74.21218872070312,0.7032739180919159,452.2764598083496,0.6915783274302607
Yiannis,2025-09-01 18:55:00,65.47871398925781,0.7032739180919159,477.3581480789185,0.6915783274302607
Yiannis,2025-09-01 19:00:00,57.33150863647461,0.7032739180919159,473.3252916145325,0.6915783274302607
Yiannis,2025-09-01 19:05:00,49.242610931396484,0.7032739180919159,443.5694418525696,0.6915783274302607
Yiannis,2025-09-01 19:10:00,41.58039474487305,0.7032739180919159,310.62261840820315,0.6915783274302607
Yiannis,2025-09-01 19:15:00,34.348262786865234,0.7032739180919159,343.4904995918274,0.6915783274302607
Yiannis,2025-09-01 19:20:00,27.213605880737305,0.7032739180919159,404.95390939712524,0.6915783274302607
Yiannis,2025-09-01 19:25:00,20.574506759643555,0.7032739180919159,380.18407691955565,0.6915783274302607
Yiannis,2025-09-01 19:30:00,14.31091022491455,0.7032739180919159,355.5397067260742,0.6915783274302607
Yiannis,2025-09-01 19:35:00,8.45348834991455,0.7032739180919159,338.369550075531,0.6915783274302607
Yiannis,2025-09-01 19:40:00,2.931912422180176,0.7032739180919159,342.1547241401672,0.6915783274302607
Yiannis,2025-09-01 19:45:00,0.0,0.7032739180919159,337.3259448814392,0.6915783274302607
Yiannis,2025-09-01 19:50:00,0.0,0.7032739180919159,342.0670856189728,0.6915783274302607
Yiannis,2025-09-01 19:55:00,0.0,0.7032739180919159,354.5766620826721,0.6915783274302607
Yiannis,2025-09-01 20:00:00,0.0,0.7032739180919159,351.73284882068634,0.6915783274302607
Yiannis,2025-09-01 20:05:00,0.0,0.7032739180919159,357.6059736061096,0.6915783274302607
Yiannis,2025-09-01 20:10:00,0.0,0.7032739180919159,325.8276174426079,0.6915783274302607
Yiannis,2025-09-01 20:15:00,0.0,0.7032739180919159,325.4607291579247,0.6915783274302607
Yiannis,2025-09-01 20:20:00,0.0,0.7032739180919159,353.1733644461632,0.6915783274302607
Yiannis,2025-09-01 20:25:00,0.0,0.7032739180919159,326.73568882882597,0.6915783274302607
Yiannis,2025-09-01 20:30:00,0.0,0.7032739180919159,389.24687425017356,0.6915783274302607
Yiannis,2025-09-01 20:35:00,0.0,0.7032739180919159,326.6742678976059,0.6915783274302607
Yiannis,2025-09-01 20:40:00,0.0,0.7032739180919159,126.61821479797364,0.6915783274302607
Yiannis,2025-09-01 20:45:00,0.0,0.7032739180919159,147.62594534397124,0.6915783274302607
Yiannis,2025-09-01 20:50:00,0.0,0.7032739180919159,200.190308675766,0.6915783274302607
Yiannis,2025-09-01 20:55:00,0.0,0.7032739180919159,167.63679540157318,0.6915783274302607
Yiannis,2025-09-01 21:00:00,0.0,0.7032739180919159,172.28701254844665,0.6915783274302607
Yiannis,2025-09-01 21:05:00,0.0,0.7032739180919159,161.71814544677736,0.6915783274302607
Yiannis,2025-09-01 21:10:00,0.0,0.7032739180919159,184.81121373176575,0.6915783274302607
Yiannis,2025-09-01 21:15:00,0.0,0.7032739180919159,157.01191019058228,0.6915783274302607
Yiannis,2025-09-01 21:20:00,0.0,0.7032739180919159,142.9190175151825,0.6915783274302607
Yiannis,2025-09-01 21:25:00,0.0,0.7032739180919159,185.56433901786804,0.6915783274302607
Yiannis,2025-09-01 21:30:00,0.0,0.7032739180919159,283.93766944885255,0.6915783274302607
Yiannis,2025-09-01 21:35:00,0.0,0.7032739180919159,270.94928413391114,0.6915783274302607
Yiannis,2025-09-01 21:40:00,0.0,0.7032739180919159,203.69977757453918,0.6915783274302607
Yiannis,2025-09-01 21:45:00,0.0,0.7032739180919159,194.10224670410156,0.6915783274302607
Yiannis,2025-09-01 21:50:00,0.0,0.7032739180919159,171.0834302139282,0.6915783274302607
Yiannis,2025-09-01 21:55:00,0.0,0.7032739180919159,235.4352185821533,0.6915783274302607
Yiannis,2025-09-01 22:00:00,0.0,0.7032739180919159,150.41337553024292,0.6915783274302607
Yiannis,2025-09-01 22:05:00,0.0,0.7032739180919159,153.18193183898927,0.6915783274302607
Yiannis,2025-09-01 22:10:00,0.0,0.7032739180919159,135.86840448379516,0.6915783274302607
Yiannis,2025-09-01 22:15:00,0.0,0.7032739180919159,143.31202409744262,0.6915783274302607
Yiannis,2025-09-01 22:20:00,0.0,0.7032739180919159,131.5971540260315,0.6915783274302607
Yiannis,2025-09-01 22:25:00,0.0,0.7032739180919159,147.1994928741455,0.6915783274302607
Yiannis,2025-09-01 22:30:00,0.0,0.7032739180919159,163.0744411087036,0.6915783274302607
Yiannis,2025-09-01 22:35:00,0.0,0.7032739180919159,142.96542612075805,0.6915783274302607
Yiannis,2025-09-01 22:40:00,0.0,0.7032739180919159,140.15755548477173,0.6915783274302607
Yiannis,2025-09-01 22:45:00,0.0,0.7032739180919159,150.53370330810546,0.6915783274302607
Yiannis,2025-09-01 22:50:00,0.0,0.7032739180919159,134.62218854904174,0.6915783274302607
Yiannis,2025-09-01 22:55:00,0.0,0.7032739180919159,133.6803939819336,0.6915783274302607
Yiannis,2025-09-01 23:00:00,0.0,0.7032739180919159,133.08554062843322,0.6915783274302607
Yiannis,2025-09-01 23:05:00,0.0,0.7032739180919159,132.73937953948973,0.6915783274302607
Yiannis,2025-09-01 23:10:00,0.0,0.7032739180919159,140.73263359069824,0.6915783274302607
Yiannis,2025-09-01 23:15:00,0.0,0.7032739180919159,125.921568069458,0.6915783274302607
Yiannis,2025-09-01 23:20:00,0.0,0.7032739180919159,144.91677061080932,0.6915783274302607
Yiannis,2025-09-01 23:25:00,0.0,0.7032739180919159,127.39187030792236,0.6915783274302607
Yiannis,2025-09-01 23:30:00,0.0,0.7032739180919159,144.31472492218018,0.6915783274302607
Yiannis,2025-09-01 23:35:00,0.0,0.7032739180919159,150.38151781082152,0.6915783274302607
Yiannis,2025-09-01 23:40:00,0.0,0.7032739180919159,135.6992533493042,0.6915783274302607
Yiannis,2025-09-01 23:45:00,0.0,0.7032739180919159,111.49638707160949,0.6915783274302607
Yiannis,2025-09-01 23:50:00,0.0,0.7032739180919159,110.2477011680603,0.6915783274302607
Yiannis,2025-09-01 23:55:00,0.0,0.7032739180919159,125.12186128616332,0.6915783274302607
Yiannis,2025-09-02 00:00:00,0.0,0.7032739180919159,109.90112755775452,0.6915783274302607
Yiannis,2025-09-02 00:05:00,0.0,0.7032739180919159,97.6497211074829,0.6915783274302607
Yiannis,2025-09-02 00:10:00,0.0,0.7032739180919159,104.10704590797424,0.6915783274302607
Yiannis,2025-09-02 00:15:00,0.0,0.7032739180919159,95.17420189857484,0.6915783274302607
Yiannis,2025-09-02 00:20:00,0.0,0.7032739180919159,88.87502347946167,0.6915783274302607
Yiannis,2025-09-02 00:25:00,0.0,0.7032739180919159,96.46792788505554,0.6915783274302607
Yiannis,2025-09-02 00:30:00,0.0,0.7032739180919159,97.62513223648071,0.6915783274302607
Yiannis,2025-09-02 00:35:00,0.0,0.7032739180919159,106.45053031921387,0.6915783274302607
Yiannis,2025-09-02 00:40:00,0.0,0.7032739180919159,112.38586493492126,0.6915783274302607
Yiannis,2025-09-02 00:45:00,0.0,0.7032739180919159,97.73834454536438,0.6915783274302607
Yiannis,2025-09-02 00:50:00,0.0,0.7032739180919159,99.09728812217712,0.6915783274302607
Yiannis,2025-09-02 00:55:00,0.0,0.7032739180919159,105.64550287246703,0.6915783274302607
Yiannis,2025-09-02 01:00:00,0.0,0.7032739180919159,116.09166582107544,0.6915783274302607
Yiannis,2025-09-02 01:05:00,0.0,0.7032739180919159,102.04690008163452,0.6915783274302607
Yiannis,2025-09-02 01:10:00,0.0,0.7032739180919159,110.75091835021972,0.6915783274302607
Yiannis,2025-09-02 01:15:00,0.0,0.7032739180919159,115.8060835647583,0.6915783274302607
Yiannis,2025-09-02 01:20:00,0.0,0.7032739180919159,78.12614267349244,0.6915783274302607
Yiannis,2025-09-02 01:25:00,0.0,0.7032739180919159,102.09438486099243,0.6915783274302607
Yiannis,2025-09-02 01:30:00,0.0,0.7032739180919159,86.51081175804138,0.6915783274302607
Yiannis,2025-09-02 01:35:00,0.0,0.7032739180919159,100.32325049400329,0.6915783274302607
Yiannis,2025-09-02 01:40:00,0.0,0.7032739180919159,87.85274640083313,0.6915783274302607
Yiannis,2025-09-02 01:45:00,0.0,0.7032739180919159,95.80531524658203,0.6915783274302607
Yiannis,2025-09-02 01:50:00,0.0,0.7032739180919159,88.1326489162445,0.6915783274302607
Yiannis,2025-09-02 01:55:00,0.0,0.7032739180919159,87.35210700035095,0.6915783274302607
Yiannis,2025-09-02 02:00:00,0.0,0.7032739180919159,87.25128651618958,0.6915783274302607
Yiannis,2025-09-02 02:05:00,0.0,0.7032739180919159,87.45091475486755,0.6915783274302607
Yiannis,2025-09-02 02:10:00,0.0,0.7032739180919159,102.51407216072083,0.6915783274302607
Yiannis,2025-09-02 02:15:00,0.0,0.7032739180919159,86.57873044967651,0.6915783274302607
Yiannis,2025-09-02 02:20:00,0.0,0.7032739180919159,96.51458768367768,0.6915783274302607
Yiannis,2025-09-02 02:25:00,0.0,0.7032739180919159,83.06794471263885,0.6915783274302607
Yiannis,2025-09-02 02:30:00,0.0,0.7032739180919159,100.15674998760224,0.6915783274302607
Yiannis,2025-09-02 02:35:00,0.0,0.7032739180919159,100.73718528747558,0.6915783274302607
Yiannis,2025-09-02 02:40:00,0.0,0.7032739180919159,84.99187875270843,0.6915783274302607
Yiannis,2025-09-02 02:45:00,0.0,0.7032739180919159,85.25321186065673,0.6915783274302607
Yiannis,2025-09-02 02:50:00,0.0,0.7032739180919159,96.70864322900772,0.6915783274302607
Yiannis,2025-09-02 02:55:00,0.0,0.7032739180919159,108.23169161319733,0.6915783274302607
Yiannis,2025-09-02 03:00:00,0.0,0.7032739180919159,83.34005844831466,0.6915783274302607
Yiannis,2025-09-02 03:05:00,0.0,0.7032739180919159,82.9482044839859,0.6915783274302607
Yiannis,2025-09-02 03:10:00,0.0,0.7032739180919159,95.53242424249649,0.6915783274302607
Yiannis,2025-09-02 03:15:00,0.0,0.7032739180919159,85.02614251971245,0.6915783274302607
Yiannis,2025-09-02 03:20:00,0.0,0.7032739180919159,99.10683884501458,0.6915783274302607
Yiannis,2025-09-02 03:25:00,0.0,0.7032739180919159,84.99332102537156,0.6915783274302607
Yiannis,2025-09-02 03:30:00,0.0,0.7032739180919159,84.89912538528442,0.6915783274302607
Yiannis,2025-09-02 03:35:00,0.0,0.7032739180919159,92.10639820426702,0.6915783274302607
Yiannis,2025-09-02 03:40:00,0.0,0.7032739180919159,100.51066103726626,0.6915783274302607
Yiannis,2025-09-02 03:45:00,0.0,0.7032739180919159,88.14755930215121,0.6915783274302607
Yiannis,2025-09-02 03:50:00,0.0,0.7032739180919159,83.2580152720213,0.6915783274302607
Yiannis,2025-09-02 03:55:00,0.0,0.7032739180919159,77.1563653126359,0.6915783274302607
Yiannis,2025-09-02 04:00:00,0.0,0.7032739180919159,78.46373439550399,0.6915783274302607
Yiannis,2025-09-02 04:05:00,0.0,0.7032739180919159,93.44542011886836,0.6915783274302607
Yiannis,2025-09-02 04:10:00,0.0,0.7032739180919159,79.08910067796707,0.6915783274302607
Yiannis,2025-09-02 04:15:00,0.0,0.7032739180919159,85.44187899827958,0.6915783274302607
Yiannis,2025-09-02 04:20:00,0.0,0.7032739180919159,76.61926454305649,0.6915783274302607
Yiannis,2025-09-02 04:25:00,0.0,0.7032739180919159,106.61608508825302,0.6915783274302607
Yiannis,2025-09-02 04:30:00,0.0,0.7032739180919159,76.50207705914974,0.6915783274302607
Yiannis,2025-09-02 04:35:00,0.0,0.7032739180919159,76.30221816062927,0.6915783274302607
Yiannis,2025-09-02 04:40:00,0.0,0.7032739180919159,77.46596847593784,0.6915783274302607
Yiannis,2025-09-02 04:45:00,0.0,0.7032739180919159,88.20491950541735,0.6915783274302607
Yiannis,2025-09-02 04:50:00,0.0,0.7032739180919159,89.7034767562151,0.6915783274302607
Yiannis,2025-09-02 04:55:00,0.0,0.7032739180919159,85.23352504730225,0.6915783274302607
Yiannis,2025-09-02 05:00:00,0.0,0.7032739180919159,80.12147894620895,0.6915783274302607
Yiannis,2025-09-02 05:05:00,0.0,0.7032739180919159,95.76289804339409,0.6915783274302607
Yiannis,2025-09-02 05:10:00,0.0,0.7032739180919159,99.72392355322837,0.6915783274302607
Yiannis,2025-09-02 05:15:00,0.0,0.7032739180919159,79.20353054523468,0.6915783274302607
Yiannis,2025-09-02 05:20:00,0.0,0.7032739180919159,81.77014210700989,0.6915783274302607
Yiannis,2025-09-02 05:25:00,0.0,0.7032739180919159,80.68220204830169,0.6915783274302607
Yiannis,2025-09-02 05:30:00,0.0,0.7032739180919159,86.12271194458008,0.6915783274302607
Yiannis,2025-09-02 05:35:00,0.0,0.7032739180919159,95.80277753144503,0.6915783274302607
Yiannis,2025-09-02 05:40:00,0.0,0.7032739180919159,79.97280231118202,0.6915783274302607
Yiannis,2025-09-02 05:45:00,0.0,0.7032739180919159,80.50678192734718,0.6915783274302607
Yiannis,2025-09-02 05:50:00,0.0,0.7032739180919159,80.34420324087142,0.6915783274302607
Yiannis,2025-09-02 05:55:00,0.0,0.7032739180919159,80.10606248140336,0.6915783274302607
Yiannis,2025-09-02 06:00:00,0.0,0.7032739180919159,93.60888970851899,0.6915783274302607
Yiannis,2025-09-02 06:05:00,0.0,0.7032739180919159,91.71523179292679,0.6915783274302607
Yiannis,2025-09-02 06:10:00,0.0,0.7032739180919159,337.6014544391632,0.6915783274302607
Yiannis,2025-09-02 06:15:00,0.0,0.7032739180919159,90.7836381316185,0.6915783274302607
Yiannis,2025-09-02 06:20:00,0.0,0.7032739180919159,139.26231623411178,0.6915783274302607
Yiannis,2025-09-02 06:25:00,0.0,0.7032739180919159,137.79610779047013,0.6915783274302607
Yiannis,2025-09-02 06:30:00,0.0,0.7032739180919159,158.00103320598603,0.6915783274302607
Yiannis,2025-09-02 06:35:00,0.0,0.7032739180919159,117.57408786296844,0.6915783274302607
Yiannis,2025-09-02 06:40:00,0.40316489338874817,0.7032739180919159,138.2783209872246,0.6915783274302607
Yiannis,2025-09-02 06:45:00,5.793148994445801,0.7032739180919159,317.41378456115723,0.6915783274302607
Yiannis,2025-09-02 06:50:00,11.769497871398926,0.7032739180919159,297.1561940431595,0.6915783274302607
Yiannis,2025-09-02 06:55:00,18.016630172729492,0.7032739180919159,125.69472030162811,0.6915783274302607
Yiannis,2025-09-02 07:00:00,24.557065963745117,0.7032739180919159,138.49121052205564,0.6915783274302607
Yiannis,2025-09-02 07:05:00,31.69459342956543,0.7032739180919159,120.44955598354339,0.6915783274302607
Yiannis,2025-09-02 07:10:00,39.16819381713867,0.7032739180919159,161.77299644231798,0.6915783274302607
Yiannis,2025-09-02 07:15:00,47.08652877807617,0.7032739180919159,89.27996371746063,0.6915783274302607
Yiannis,2025-09-02 07:20:00,55.37588119506836,0.7032739180919159,112.19755837917327,0.6915783274302607
Yiannis,2025-09-02 07:25:00,64.08091735839844,0.7032739180919159,101.84533334255218,0.6915783274302607
Yiannis,2025-09-02 07:30:00,73.12042236328125,0.7032739180919159,264.41557609558106,0.6915783274302607
Yiannis,2025-09-02 07:35:00,82.39886474609375,0.7032739180919159,261.83041798353196,0.6915783274302607
Yiannis,2025-09-02 07:40:00,91.90444946289062,0.7032739180919159,81.88926034927368,0.6915783274302607
Yiannis,2025-09-02 07:45:00,102.05632019042969,0.7032739180919159,97.96503807067872,0.6915783274302607
Yiannis,2025-09-02 07:50:00,112.09523010253906,0.7032739180919159,101.66403424263001,0.6915783274302607
Yiannis,2025-09-02 07:55:00,122.57054138183594,0.7032739180919159,96.19721723079681,0.6915783274302607
Yiannis,2025-09-02 08:00:00,133.22654724121094,0.7032739180919159,96.02616054534911,0.6915783274302607
Yiannis,2025-09-02 08:05:00,144.2645263671875,0.7032739180919159,93.77420049190522,0.6915783274302607
Yiannis,2025-09-02 08:10:00,155.47779846191406,0.7032739180919159,136.91619965076447,0.6915783274302607
Yiannis,2025-09-02 08:15:00,166.79022216796875,0.7032739180919159,259.8698509597778,0.6915783274302607
Yiannis,2025-09-02 08:20:00,178.1670684814453,0.7032739180919159,124.09454767227173,0.6915783274302607
Yiannis,2025-09-02 08:25:00,189.8661346435547,0.7032739180919159,100.62770858764648,0.6915783274302607
Yiannis,2025-09-02 08:30:00,201.90745544433594,0.7032739180919159,134.03654442787172,0.6915783274302607
Yiannis,2025-09-02 08:35:00,214.00209045410156,0.7032739180919159,114.74123592376709,0.6915783274302607
Yiannis,2025-09-02 08:40:00,226.07164001464844,0.7032739180919159,102.62076793670654,0.6915783274302607
Yiannis,2025-09-02 08:45:00,238.5248565673828,0.7032739180919159,147.36383873939513,0.6915783274302607
Yiannis,2025-09-02 08:50:00,251.0154571533203,0.7032739180919159,136.1905784034729,0.6915783274302607
Yiannis,2025-09-02 08:55:00,263.2911071777344,0.7032739180919159,136.93726214408875,0.6915783274302607
Yiannis,2025-09-02 09:00:00,275.6697692871094,0.7032739180919159,129.8119228076935,0.6915783274302607
Yiannis,2025-09-02 09:05:00,288.0616149902344,0.7032739180919159,143.73327014923095,0.6915783274302607
Yiannis,2025-09-02 09:10:00,300.6299133300781,0.7032739180919159,348.7636924791336,0.6915783274302607
Yiannis,2025-09-02 09:15:00,313.3339538574219,0.7032739180919159,223.53038623809815,0.6915783274302607
Yiannis,2025-09-02 09:20:00,325.80718994140625,0.7032739180919159,237.60214303970338,0.6915783274302607
Yiannis,2025-09-02 09:25:00,338.25030517578125,0.7032739180919159,247.31363833904265,0.6915783274302607
Yiannis,2025-09-02 09:30:00,350.3970031738281,0.7032739180919159,221.26468232154846,0.6915783274302607
Yiannis,2025-09-02 09:35:00,362.62725830078125,0.7032739180919159,276.63346043586733,0.6915783274302607
Yiannis,2025-09-02 09:40:00,374.7584533691406,0.7032739180919159,242.7875370311737,0.6915783274302607
Yiannis,2025-09-02 09:45:00,387.06396484375,0.7032739180919159,154.52868580818176,0.6915783274302607
Yiannis,2025-09-02 09:50:00,398.84234619140625,0.7032739180919159,217.6350398349762,0.6915783274302607
Yiannis,2025-09-02 09:55:00,410.5175476074219,0.7032739180919159,130.50054297447204,0.6915783274302607
Yiannis,2025-09-02 10:00:00,422.05413818359375,0.7032739180919159,134.247150850296,0.6915783274302607
Yiannis,2025-09-02 10:05:00,433.3392028808594,0.7032739180919159,103.3788842201233,0.6915783274302607
Yiannis,2025-09-02 10:10:00,444.80328369140625,0.7032739180919159,137.70201358795165,0.6915783274302607
Yiannis,2025-09-02 10:15:00,456.06158447265625,0.7032739180919159,85.71096588134766,0.6915783274302607
Yiannis,2025-09-02 10:20:00,466.45306396484375,0.7032739180919159,101.90667838096618,0.6915783274302607
Yiannis,2025-09-02 10:25:00,477.15643310546875,0.7032739180919159,101.67074124336243,0.6915783274302607
Yiannis,2025-09-02 10:30:00,487.6051330566406,0.7032739180919159,151.12045991897583,0.6915783274302607
Yiannis,2025-09-02 10:35:00,497.3358154296875,0.7032739180919159,145.90357433319093,0.6915783274302607
Yiannis,2025-09-02 10:40:00,506.611328125,0.7032739180919159,100.16140950202941,0.6915783274302607
Yiannis,2025-09-02 10:45:00,516.301513671875,0.7032739180919159,223.15988514900206,0.6915783274302607
Yiannis,2025-09-02 10:50:00,525.2953491210938,0.7032739180919159,235.10892949104309,0.6915783274302607
Yiannis,2025-09-02 10:55:00,534.1649169921875,0.7032739180919159,238.0925794506073,0.6915783274302607
Yiannis,2025-09-02 11:00:00,542.872802734375,0.7032739180919159,220.03370675086975,0.6915783274302607
Yiannis,2025-09-02 11:05:00,551.0339965820312,0.7032739180919159,230.93063086509704,0.6915783274302607
Yiannis,2025-09-02 11:10:00,558.5090942382812,0.7032739180919159,234.64397603988647,0.6915783274302607
Yiannis,2025-09-02 11:15:00,565.47265625,0.7032739180919159,96.68824928283692,0.6915783274302607
Yiannis,2025-09-02 11:20:00,572.3213500976562,0.7032739180919159,109.10159537315369,0.6915783274302607
Yiannis,2025-09-02 11:25:00,578.5448608398438,0.7032739180919159,92.08887137413025,0.6915783274302607
Yiannis,2025-09-02 11:30:00,585.4896240234375,0.7032739180919159,109.33614880561828,0.6915783274302607
Yiannis,2025-09-02 11:35:00,591.6212768554688,0.7032739180919159,103.50635665893554,0.6915783274302607
Yiannis,2025-09-02 11:40:00,596.9522705078125,0.7032739180919159,254.76375356674194,0.6915783274302607
Yiannis,2025-09-02 11:45:00,602.0418090820312,0.7032739180919159,101.44210802078247,0.6915783274302607
Yiannis,2025-09-02 11:50:00,607.3263549804688,0.7032739180919159,99.83774021148682,0.6915783274302607
Yiannis,2025-09-02 11:55:00,611.682373046875,0.7032739180919159,100.45395193099975,0.6915783274302607
Yiannis,2025-09-02 12:00:00,615.5867919921875,0.7032739180919159,99.54213916778565,0.6915783274302607
Yiannis,2025-09-02 12:05:00,619.2307739257812,0.7032739180919159,111.51200742721558,0.6915783274302607
Yiannis,2025-09-02 12:10:00,622.1561889648438,0.7032739180919159,96.90733512878418,0.6915783274302607
Yiannis,2025-09-02 12:15:00,624.8554077148438,0.7032739180919159,142.7781871986389,0.6915783274302607
Yiannis,2025-09-02 12:20:00,628.0836791992188,0.7032739180919159,103.17812810897827,0.6915783274302607
Yiannis,2025-09-02 12:25:00,629.9010009765625,0.7032739180919159,100.05032215118408,0.6915783274302607
Yiannis,2025-09-02 12:30:00,631.6553344726562,0.7032739180919159,99.18721799850464,0.6915783274302607
Yiannis,2025-09-02 12:35:00,632.6248779296875,0.7032739180919159,101.53098289489746,0.6915783274302607
Yiannis,2025-09-02 12:40:00,633.8948974609375,0.7032739180919159,92.4783680152893,0.6915783274302607
Yiannis,2025-09-02 12:45:00,634.2076416015625,0.7032739180919159,125.28464754104614,0.6915783274302607
Yiannis,2025-09-02 12:50:00,633.7005004882812,0.7032739180919159,140.31803745269775,0.6915783274302607
Yiannis,2025-09-02 12:55:00,633.5170288085938,0.7032739180919159,106.41091339111328,0.6915783274302607
Yiannis,2025-09-02 13:00:00,633.506591796875,0.7032739180919159,98.31510774612427,0.6915783274302607
Yiannis,2025-09-02 13:05:00,632.2474975585938,0.7032739180919159,111.5128671836853,0.6915783274302607
Yiannis,2025-09-02 13:10:00,631.5033569335938,0.7032739180919159,97.67504705429077,0.6915783274302607
Yiannis,2025-09-02 13:15:00,630.0626831054688,0.7032739180919159,97.94055461883545,0.6915783274302607
Yiannis,2025-09-02 13:20:00,627.7102661132812,0.7032739180919159,97.18098670959472,0.6915783274302607
Yiannis,2025-09-02 13:25:00,625.5105590820312,0.7032739180919159,111.03364685058594,0.6915783274302607
Yiannis,2025-09-02 13:30:00,622.9606323242188,0.7032739180919159,98.428645362854,0.6915783274302607
Yiannis,2025-09-02 13:35:00,619.7568969726562,0.7032739180919159,126.1679284286499,0.6915783274302607
Yiannis,2025-09-02 13:40:00,616.135986328125,0.7032739180919159,101.43180084228516,0.6915783274302607
Yiannis,2025-09-02 13:45:00,612.7190551757812,0.7032739180919159,102.4525016784668,0.6915783274302607
Yiannis,2025-09-02 13:50:00,608.4386596679688,0.7032739180919159,100.42404308319092,0.6915783274302607
Yiannis,2025-09-02 13:55:00,604.3577270507812,0.7032739180919159,102.95968379974366,0.6915783274302607
Yiannis,2025-09-02 14:00:00,599.8358764648438,0.7032739180919159,118.1743221282959,0.6915783274302607
Yiannis,2025-09-02 14:05:00,594.2772827148438,0.7032739180919159,105.97675186157227,0.6915783274302607
Yiannis,2025-09-02 14:10:00,589.4012451171875,0.7032739180919159,106.20104820251464,0.6915783274302607
Yiannis,2025-09-02 14:15:00,582.9656982421875,0.7032739180919159,115.66947746276855,0.6915783274302607
Yiannis,2025-09-02 14:20:00,577.0597534179688,0.7032739180919159,125.68162368774414,0.6915783274302607
Yiannis,2025-09-02 14:25:00,571.3280029296875,0.7032739180919159,110.58074691772461,0.6915783274302607
Yiannis,2025-09-02 14:30:00,565.4569702148438,0.7032739180919159,288.61053215026857,0.6915783274302607
Yiannis,2025-09-02 14:35:00,558.503173828125,0.7032739180919159,112.62489082336425,0.6915783274302607
Yiannis,2025-09-02 14:40:00,551.5068969726562,0.7032739180919159,126.6401619720459,0.6915783274302607
Yiannis,2025-09-02 14:45:00,544.4766235351562,0.7032739180919159,129.3301724243164,0.6915783274302607
Yiannis,2025-09-02 14:50:00,536.5543212890625,0.7032739180919159,117.359443359375,0.6915783274302607
Yiannis,2025-09-02 14:55:00,529.1953125,0.7032739180919159,127.7296371459961,0.6915783274302607
Yiannis,2025-09-02 15:00:00,521.6599731445312,0.7032739180919159,134.85935546874998,0.6915783274302607
Yiannis,2025-09-02 15:05:00,513.435791015625,0.7032739180919159,124.95005767822266,0.6915783274302607
Yiannis,2025-09-02 15:10:00,505.170166015625,0.7032739180919159,124.52106033325195,0.6915783274302607
Yiannis,2025-09-02 15:15:00,496.584228515625,0.7032739180919159,118.92725372314453,0.6915783274302607
Yiannis,2025-09-02 15:20:00,487.78594970703125,0.7032739180919159,132.43360443115233,0.6915783274302607
Yiannis,2025-09-02 15:25:00,478.996337890625,0.7032739180919159,122.59225509643555,0.6915783274302607
Yiannis,2025-09-02 15:30:00,470.0806884765625,0.7032739180919159,150.35010467529298,0.6915783274302607
Yiannis,2025-09-02 15:35:00,460.9684143066406,0.7032739180919159,133.05592376708984,0.6915783274302607
Yiannis,2025-09-02 15:40:00,451.55224609375,0.7032739180919159,136.15742584228514,0.6915783274302607
Yiannis,2025-09-02 15:45:00,442.15673828125,0.7032739180919159,154.5566181945801,0.6915783274302607
Yiannis,2025-09-02 15:50:00,432.40399169921875,0.7032739180919159,171.2469660949707,0.6915783274302607
Yiannis,2025-09-02 15:55:00,422.7825927734375,0.7032739180919159,268.0748861694336,0.6915783274302607
